country_code,subdivision_code,name,localName,sameName
AD,AD-02,,,1
AD,AD-03,,,1
AD,AD-04,,,1
AD,AD-05,,,1
AD,AD-06,,,1
AD,AD-07,,,1
AD,AD-08,,,1
AE,AE-AJ,,,1
AE,AE-AZ,,,1
AE,AE-DU,,,1
AE,AE-FU,,,1
AE,AE-RK,,,1
AE,AE-SH,,,1
AE,AE-UQ,,,1
AF,AF-BAL,,,1
AF,AF-BAM,,,1
AF,AF-BDG,,,1
AF,AF-BDS,,,1
AF,AF-BGL,,,1
AF,AF-DAY,,,1
AF,AF-FRA,,,1
AF,AF-FYB,,,1
AF,AF-GHA,,,1
AF,AF-GHO,,,1
AF,AF-HEL,,,1
AF,AF-HER,,,1
AF,AF-JOW,,,1
AF,AF-KAB,,,1
AF,AF-KAN,,,1
AF,AF-KAP,,,1
AF,AF-KDZ,,,1
AF,AF-KHO,,,1
AF,AF-KNR,,,1
AF,AF-LAG,,,1
AF,AF-LOG,,,1
AF,AF-NAN,,,1
AF,AF-NIM,,,1
AF,AF-NUR,,,1
AF,AF-PAN,,,1
AF,AF-PAR,,,1
AF,AF-PIA,,,1
AF,AF-PKA,,,1
AF,AF-SAM,,,1
AF,AF-SAR,,,1
AF,AF-TAK,,,1
AF,AF-URU,,,1
AF,AF-WAR,,,1
AF,AF-ZAB,,,1
AG,AG-03,,,1
AG,AG-04,,,1
AG,AG-05,,,1
AG,AG-06,,,1
AG,AG-07,,,1
AG,AG-08,,,1
AG,AG-10,,,1
AG,AG-11,,,1
AL,AL-01,,,1
AL,AL-02,,,1
AL,AL-03,,,1
AL,AL-04,,,1
AL,AL-05,,,1
AL,AL-06,,,1
AL,AL-07,,,1
AL,AL-08,,,1
AL,AL-09,,,1
AL,AL-10,,,1
AL,AL-11,,,1
AL,AL-12,,,1
AM,AM-AG,,,1
AM,AM-AR,,,1
AM,AM-AV,,,1
AM,AM-ER,,,1
AM,AM-GR,,,1
AM,AM-KT,,,1
AM,AM-LO,,,1
AM,AM-SH,,,1
AM,AM-SU,,,1
AM,AM-TV,,,1
AM,AM-VD,,,1
AO,AO-BGO,,,1
AO,AO-BGU,,,1
AO,AO-BIE,,,1
AO,AO-CAB,,,1
AO,AO-CCU,,,1
AO,AO-CNN,,,1
AO,AO-CNO,,,1
AO,AO-CUS,,,1
AO,AO-HUA,,,1
AO,AO-HUI,,,1
AO,AO-LNO,,,1
AO,AO-LSU,,,1
AO,AO-LUA,,,1
AO,AO-MAL,,,1
AO,AO-MOX,,,1
AO,AO-NAM,,,1
AO,AO-UIG,,,1
AO,AO-ZAI,,,1
AR,AR-A,,,1
AR,AR-B,,,1
AR,AR-C,,,1
AR,AR-D,,,1
AR,AR-E,,,1
AR,AR-F,,,1
AR,AR-G,,,1
AR,AR-H,,,1
AR,AR-J,,,1
AR,AR-K,,,1
AR,AR-L,,,1
AR,AR-M,,,1
AR,AR-N,,,1
AR,AR-P,,,1
AR,AR-Q,,,1
AR,AR-R,,,1
AR,AR-S,,,1
AR,AR-T,,,1
AR,AR-U,,,1
AR,AR-V,,,1
AR,AR-W,,,1
AR,AR-X,,,1
AR,AR-Y,,,1
AR,AR-Z,,,1
AT,AT-1,,,1
AT,AT-2,,,1
AT,AT-3,,,1
AT,AT-4,,,1
AT,AT-5,,,1
AT,AT-6,,,1
AT,AT-7,,,1
AT,AT-8,,,1
AT,AT-9,,,1
AU,AU-ACT,,,1
AU,AU-NSW,,,1
AU,AU-NT,,,1
AU,AU-QLD,,,1
AU,AU-SA,,,1
AU,AU-TAS,,,1
AU,AU-VIC,,,1
AU,AU-WA,,,1
AZ,AZ-ABS
AZ,AZ-AGA,,,1
AZ,AZ-AGC,,,1
AZ,AZ-AGM,,,1
AZ,AZ-AGS,,,1
AZ,AZ-AGU,,,1
AZ,AZ-AST,,,1
AZ,AZ-BA,,,1
AZ,AZ-BAB,,,1
AZ,AZ-BAL,,,1
AZ,AZ-BAR,,,1
AZ,AZ-BEY,,,1
AZ,AZ-BIL,,,1
AZ,AZ-CAB,,,1
AZ,AZ-CAL,,,1
AZ,AZ-CUL,,,1
AZ,AZ-DAS,,,1
AZ,AZ-FUZ,,,1
AZ,AZ-GA,,,1
AZ,AZ-GAD,,,1
AZ,AZ-GOR,,,1
AZ,AZ-GOY,,,1
AZ,AZ-GYG,,,1
AZ,AZ-HAC,,,1
AZ,AZ-IMI,,,1
AZ,AZ-ISM,,,1
AZ,AZ-KAL,,,1
AZ,AZ-KAN,,,1
AZ,AZ-KUR,,,1
AZ,AZ-LA,,,1
AZ,AZ-LAC,,,1
AZ,AZ-LAN,,,1
AZ,AZ-LER,,,1
AZ,AZ-MAS,,,1
AZ,AZ-MI,,,1
AZ,AZ-NA,,,1
AZ,AZ-NEF,,,1
AZ,AZ-NV,,,1
AZ,AZ-NX,,,1
AZ,AZ-OGU,,,1
AZ,AZ-ORD,,,1
AZ,AZ-QAB,,,1
AZ,AZ-QAX,,,1
AZ,AZ-QAZ,,,1
AZ,AZ-QBA,,,1
AZ,AZ-QBI,,,1
AZ,AZ-QOB,,,1
AZ,AZ-QUS,,,1
AZ,AZ-SA,,,1
AZ,AZ-SAB,,,1
AZ,AZ-SAD,,,1
AZ,AZ-SAH,,,1
AZ,AZ-SAK,,,1
AZ,AZ-SAL,,,1
AZ,AZ-SAR,,,1
AZ,AZ-SAT,,,1
AZ,AZ-SBN,,,1
AZ,AZ-SIY,,,1
AZ,AZ-SKR,,,1
AZ,AZ-SM,,,1
AZ,AZ-SMI,,,1
AZ,AZ-SMX,,,1
AZ,AZ-SR,,,1
AZ,AZ-SUS,,,1
AZ,AZ-TAR,,,1
AZ,AZ-TOV,,,1
AZ,AZ-UCA,,,1
AZ,AZ-XA,,,1
AZ,AZ-XAC,,,1
AZ,AZ-XCI,,,1
AZ,AZ-XIZ,,,1
AZ,AZ-XVD,,,1
AZ,AZ-YAR,,,1
AZ,AZ-YE,,,1
AZ,AZ-YEV,,,1
AZ,AZ-ZAN,,,1
AZ,AZ-ZAQ,,,1
AZ,AZ-ZAR,,,1
BA,BA-BIH,,,1
BA,BA-BRC,,,1
BA,BA-SRP,,,1
BB,BB-01,,,1
BB,BB-02,,,1
BB,BB-03,,,1
BB,BB-04,,,1
BB,BB-05,,,1
BB,BB-06,,,1
BB,BB-07,,,1
BB,BB-08,,,1
BB,BB-09,,,1
BB,BB-10,,,1
BB,BB-11,,,1
BD,BD-01,,,1
BD,BD-02,,,1
BD,BD-03,,,1
BD,BD-04,,,1
BD,BD-05,,,1
BD,BD-06,,,1
BD,BD-07,,,1
BD,BD-08,,,1
BD,BD-09,,,1
BD,BD-10,,,1
BD,BD-11,,,1
BD,BD-12,,,1
BD,BD-13,,,1
BD,BD-14,,,1
BD,BD-15,,,1
BD,BD-16,,,1
BD,BD-17,,,1
BD,BD-18,,,1
BD,BD-19,,,1
BD,BD-20,,,1
BD,BD-21,,,1
BD,BD-22,,,1
BD,BD-23,,,1
BD,BD-24,,,1
BD,BD-25,,,1
BD,BD-26,,,1
BD,BD-27,,,1
BD,BD-28,,,1
BD,BD-29,,,1
BD,BD-30,,,1
BD,BD-31,,,1
BD,BD-32,,,1
BD,BD-33,,,1
BD,BD-34,,,1
BD,BD-35,,,1
BD,BD-36,,,1
BD,BD-37,,,1
BD,BD-38,,,1
BD,BD-39,,,1
BD,BD-40,,,1
BD,BD-41,,,1
BD,BD-42,,,1
BD,BD-43,,,1
BD,BD-44,,,1
BD,BD-45,,,1
BD,BD-46,,,1
BD,BD-47,,,1
BD,BD-48,,,1
BD,BD-49,,,1
BD,BD-50,,,1
BD,BD-51,,,1
BD,BD-52,,,1
BD,BD-53,,,1
BD,BD-54,,,1
BD,BD-55,,,1
BD,BD-56,,,1
BD,BD-57,,,1
BD,BD-58,,,1
BD,BD-59,,,1
BD,BD-60,,,1
BD,BD-61,,,1
BD,BD-62,,,1
BD,BD-63,,,1
BD,BD-64,,,1
BD,BD-A,,,1
BD,BD-B,,,1
BD,BD-C,,,1
BD,BD-D,,,1
BD,BD-E,,,1
BD,BD-F,,,1
BD,BD-G,,,1
BD,BD-H,,,1
BE,BE-BRU,,,1
BE,BE-VAN,,,1
BE,BE-VBR,,,1
BE,BE-VLG,,,1
BE,BE-VLI,,,1
BE,BE-VOV,,,1
BE,BE-VWV,,,1
BE,BE-WAL,,,1
BE,BE-WBR,,,1
BE,BE-WHT,,,1
BE,BE-WLG,,,1
BE,BE-WLX,,,1
BE,BE-WNA,,,1
BF,BF-01,,,1
BF,BF-02,,,1
BF,BF-03,,,1
BF,BF-04,,,1
BF,BF-05,,,1
BF,BF-06,,,1
BF,BF-07,,,1
BF,BF-08,,,1
BF,BF-09,,,1
BF,BF-10,,,1
BF,BF-11,,,1
BF,BF-12,,,1
BF,BF-13,,,1
BF,BF-BAL,,,1
BF,BF-BAM,,,1
BF,BF-BAN,,,1
BF,BF-BAZ,,,1
BF,BF-BGR,,,1
BF,BF-BLG,,,1
BF,BF-BLK,,,1
BF,BF-COM,,,1
BF,BF-GAN,,,1
BF,BF-GNA,,,1
BF,BF-GOU,,,1
BF,BF-HOU,,,1
BF,BF-IOB,,,1
BF,BF-KAD,,,1
BF,BF-KEN,,,1
BF,BF-KMD,,,1
BF,BF-KMP,,,1
BF,BF-KOP,,,1
BF,BF-KOS,,,1
BF,BF-KOT,,,1
BF,BF-KOW,,,1
BF,BF-LER,,,1
BF,BF-LOR,,,1
BF,BF-MOU,,,1
BF,BF-NAM,,,1
BF,BF-NAO,,,1
BF,BF-NAY,,,1
BF,BF-NOU,,,1
BF,BF-OUB,,,1
BF,BF-OUD,,,1
BF,BF-PAS,,,1
BF,BF-PON,,,1
BF,BF-SEN,,,1
BF,BF-SIS,,,1
BF,BF-SMT,,,1
BF,BF-SNG,,,1
BF,BF-SOM,,,1
BF,BF-SOR,,,1
BF,BF-TAP,,,1
BF,BF-TUI,,,1
BF,BF-YAG,,,1
BF,BF-YAT,,,1
BF,BF-ZIR,,,1
BF,BF-ZON,,,1
BF,BF-ZOU,,,1
BG,BG-01,,,1
BG,BG-02,,,1
BG,BG-03,,,1
BG,BG-04,,,1
BG,BG-05,,,1
BG,BG-06,,,1
BG,BG-07,,,1
BG,BG-08,,,1
BG,BG-09,,,1
BG,BG-10,,,1
BG,BG-11,,,1
BG,BG-12,,,1
BG,BG-13,,,1
BG,BG-14,,,1
BG,BG-15,,,1
BG,BG-16,,,1
BG,BG-17,,,1
BG,BG-18,,,1
BG,BG-19,,,1
BG,BG-20,,,1
BG,BG-21,,,1
BG,BG-22,,,1
BG,BG-23,,,1
BG,BG-24,,,1
BG,BG-25,,,1
BG,BG-26,,,1
BG,BG-27,,,1
BG,BG-28,,,1
BH,BH-13,,,1
BH,BH-14,,,1
BH,BH-15,,,1
BH,BH-17,,,1
BI,BI-BB,,,1
BI,BI-BL,,,1
BI,BI-BM,,,1
BI,BI-BR,,,1
BI,BI-CA,,,1
BI,BI-CI,,,1
BI,BI-GI,,,1
BI,BI-KI,,,1
BI,BI-KR,,,1
BI,BI-KY,,,1
BI,BI-MA,,,1
BI,BI-MU,,,1
BI,BI-MW,,,1
BI,BI-MY,,,1
BI,BI-NG,,,1
BI,BI-RM,,,1
BI,BI-RT,,,1
BI,BI-RY,,,1
BJ,BJ-AK,,,1
BJ,BJ-AL,,,1
BJ,BJ-AQ,,,1
BJ,BJ-BO,,,1
BJ,BJ-CO,,,1
BJ,BJ-DO,,,1
BJ,BJ-KO,,,1
BJ,BJ-LI,,,1
BJ,BJ-MO,,,1
BJ,BJ-OU,,,1
BJ,BJ-PL,,,1
BJ,BJ-ZO,,,1
BN,BN-BE,,,1
BN,BN-BM,,,1
BN,BN-TE,,,1
BN,BN-TU,,,1
BO,BO-B,,,1
BO,BO-C,,,1
BO,BO-H,,,1
BO,BO-L,,,1
BO,BO-N,,,1
BO,BO-O,,,1
BO,BO-P,,,1
BO,BO-S,,,1
BO,BO-T,,,1
BQ,BQ-BO,,,1
BQ,BQ-SA,,,1
BQ,BQ-SE,,,1
BR,BR-AC,,,1
BR,BR-AL,,,1
BR,BR-AM,,,1
BR,BR-AP,,,1
BR,BR-BA,,,1
BR,BR-CE,,,1
BR,BR-DF,,,1
BR,BR-ES,,,1
BR,BR-GO,,,1
BR,BR-MA,,,1
BR,BR-MG,,,1
BR,BR-MS,,,1
BR,BR-MT,,,1
BR,BR-PA,,,1
BR,BR-PB,,,1
BR,BR-PE,,,1
BR,BR-PI,,,1
BR,BR-PR,,,1
BR,BR-RJ,,,1
BR,BR-RN,,,1
BR,BR-RO,,,1
BR,BR-RR,,,1
BR,BR-RS,,,1
BR,BR-SC,,,1
BR,BR-SE,,,1
BR,BR-SP,,,1
BR,BR-TO,,,1
BS,BS-AK,,,1
BS,BS-BI,,,1
BS,BS-BP,,,1
BS,BS-BY,,,1
BS,BS-CE,,,1
BS,BS-CI,,,1
BS,BS-CK,,,1
BS,BS-CO,,,1
BS,BS-CS,,,1
BS,BS-EG,,,1
BS,BS-EX,,,1
BS,BS-FP,,,1
BS,BS-GC,,,1
BS,BS-HI,,,1
BS,BS-HT,,,1
BS,BS-IN,,,1
BS,BS-LI,,,1
BS,BS-MC,,,1
BS,BS-MG,,,1
BS,BS-MI,,,1
BS,BS-NE,,,1
BS,BS-NO,,,1
BS,BS-NP,,,1
BS,BS-NS,,,1
BS,BS-RC,,,1
BS,BS-RI,,,1
BS,BS-SA,,,1
BS,BS-SE,,,1
BS,BS-SO,,,1
BS,BS-SS,,,1
BS,BS-SW,,,1
BS,BS-WG,,,1
BT,BT-11,,,1
BT,BT-12,,,1
BT,BT-13,,,1
BT,BT-14,,,1
BT,BT-15,,,1
BT,BT-21,,,1
BT,BT-22,,,1
BT,BT-23,,,1
BT,BT-24,,,1
BT,BT-31,,,1
BT,BT-32,,,1
BT,BT-33,,,1
BT,BT-34,,,1
BT,BT-41,,,1
BT,BT-42,,,1
BT,BT-43,,,1
BT,BT-44,,,1
BT,BT-45,,,1
BT,BT-GA,,,1
BT,BT-TY,,,1
BW,BW-CE,,,1
BW,BW-CH,,,1
BW,BW-FR,,,1
BW,BW-GA,,,1
BW,BW-GH,,,1
BW,BW-JW,,,1
BW,BW-KG,,,1
BW,BW-KL,,,1
BW,BW-KW,,,1
BW,BW-LO,,,1
BW,BW-NE,,,1
BW,BW-NW,,,1
BW,BW-SE,,,1
BW,BW-SO,,,1
BW,BW-SP,,,1
BW,BW-ST,,,1
BY,BY-BR,,,1
BY,BY-HM,,,1
BY,BY-HO,,,1
BY,BY-HR,,,1
BY,BY-MA,,,1
BY,BY-MI,,,1
BY,BY-VI,,,1
BZ,BZ-BZ,,,1
BZ,BZ-CY,,,1
BZ,BZ-CZL,,,1
BZ,BZ-OW,,,1
BZ,BZ-SC,,,1
BZ,BZ-TOL,,,1
CA,CA-AB,,,1
CA,CA-BC,,,1
CA,CA-MB,,,1
CA,CA-NB,,,1
CA,CA-NL,,,1
CA,CA-NS,,,1
CA,CA-NT,,,1
CA,CA-NU,,,1
CA,CA-ON,,,1
CA,CA-PE,,,1
CA,CA-QC,,,1
CA,CA-SK,,,1
CA,CA-YT,,,1
CD,CD-BC,,,1
CD,CD-BU,,,1
CD,CD-EQ,,,1
CD,CD-HK,,,1
CD,CD-HL,,,1
CD,CD-HU,,,1
CD,CD-IT,,,1
CD,CD-KC,,,1
CD,CD-KE,,,1
CD,CD-KG,,,1
CD,CD-KL,,,1
CD,CD-KN,,,1
CD,CD-KS,,,1
CD,CD-LO,,,1
CD,CD-LU,,,1
CD,CD-MA,,,1
CD,CD-MN,,,1
CD,CD-MO,,,1
CD,CD-NK,,,1
CD,CD-NU,,,1
CD,CD-SA,,,1
CD,CD-SK,,,1
CD,CD-SU,,,1
CD,CD-TA,,,1
CD,CD-TO,,,1
CD,CD-TU,,,1
CF,CF-AC,,,1
CF,CF-BB,,,1
CF,CF-BGF,,,1
CF,CF-BK,,,1
CF,CF-HK,,,1
CF,CF-HM,,,1
CF,CF-HS,,,1
CF,CF-KB,,,1
CF,CF-KG,,,1
CF,CF-LB,,,1
CF,CF-MB,,,1
CF,CF-MP,,,1
CF,CF-NM,,,1
CF,CF-OP,,,1
CF,CF-SE,,,1
CF,CF-UK,,,1
CF,CF-VK,,,1
CG,CG-11,,,1
CG,CG-12,,,1
CG,CG-13,,,1
CG,CG-14,,,1
CG,CG-15,,,1
CG,CG-16,,,1
CG,CG-2,,,1
CG,CG-5,,,1
CG,CG-7,,,1
CG,CG-8,,,1
CG,CG-9,,,1
CG,CG-BZV,,,1
CH,CH-AG,,,1
CH,CH-AI,,,1
CH,CH-AR,,,1
CH,CH-BE,,,1
CH,CH-BL,,,1
CH,CH-BS,,,1
CH,CH-FR,,,1
CH,CH-GE,,,1
CH,CH-GL,,,1
CH,CH-GR,,,1
CH,CH-JU,,,1
CH,CH-LU,,,1
CH,CH-NE,,,1
CH,CH-NW,,,1
CH,CH-OW,,,1
CH,CH-SG,,,1
CH,CH-SH,,,1
CH,CH-SO,,,1
CH,CH-SZ,,,1
CH,CH-TG,,,1
CH,CH-TI,,,1
CH,CH-UR,,,1
CH,CH-VD,,,1
CH,CH-VS,,,1
CH,CH-ZG,,,1
CH,CH-ZH,,,1
CI,CI-AB,,,1
CI,CI-BS,,,1
CI,CI-CM,,,1
CI,CI-DN,,,1
CI,CI-GD,,,1
CI,CI-LC,,,1
CI,CI-LG,,,1
CI,CI-MG,,,1
CI,CI-SM,,,1
CI,CI-SV,,,1
CI,CI-VB,,,1
CI,CI-WR,,,1
CI,CI-YM,,,1
CI,CI-ZZ,,,1
CL,CL-AI,,,1
CL,CL-AN,,,1
CL,CL-AP,,,1
CL,CL-AR,,,1
CL,CL-AT,,,1
CL,CL-BI,,,1
CL,CL-CO,,,1
CL,CL-LI,,,1
CL,CL-LL,,,1
CL,CL-LR,,,1
CL,CL-MA,,,1
CL,CL-ML,,,1
CL,CL-NB,,,1
CL,CL-RM,,,1
CL,CL-TA,,,1
CL,CL-VS,,,1
CM,CM-AD,,,1
CM,CM-CE,,,1
CM,CM-EN,,,1
CM,CM-ES,,,1
CM,CM-LT,,,1
CM,CM-NO,,,1
CM,CM-NW,,,1
CM,CM-OU,,,1
CM,CM-SU,,,1
CM,CM-SW,,,1
CN,CN-AH,,,1
CN,CN-BJ,,,1
CN,CN-CQ,,,1
CN,CN-FJ,,,1
CN,CN-GD,,,1
CN,CN-GS,,,1
CN,CN-GX,,,1
CN,CN-GZ,,,1
CN,CN-HA,,,1
CN,CN-HB,,,1
CN,CN-HE,,,1
CN,CN-HI,,,1
CN,CN-HK,,,1
CN,CN-HL,,,1
CN,CN-HN,,,1
CN,CN-JL,,,1
CN,CN-JS,,,1
CN,CN-JX,,,1
CN,CN-LN,,,1
CN,CN-MO,,,1
CN,CN-NM,,,1
CN,CN-NX,,,1
CN,CN-QH,,,1
CN,CN-SC,,,1
CN,CN-SD,,,1
CN,CN-SH,,,1
CN,CN-SN,,,1
CN,CN-SX,,,1
CN,CN-TJ,,,1
CN,CN-TW,,,1
CN,CN-XJ,,,1
CN,CN-XZ,,,1
CN,CN-YN,,,1
CN,CN-ZJ,,,1
CO,CO-AMA,,,1
CO,CO-ANT,,,1
CO,CO-ARA,,,1
CO,CO-ATL,,,1
CO,CO-BOL,,,1
CO,CO-BOY,,,1
CO,CO-CAL,,,1
CO,CO-CAQ,,,1
CO,CO-CAS,,,1
CO,CO-CAU,,,1
CO,CO-CES,,,1
CO,CO-CHO,,,1
CO,CO-COR,,,1
CO,CO-CUN,,,1
CO,CO-DC,,,1
CO,CO-GUA,,,1
CO,CO-GUV,,,1
CO,CO-HUI,,,1
CO,CO-LAG,,,1
CO,CO-MAG,,,1
CO,CO-MET,,,1
CO,CO-NAR,,,1
CO,CO-NSA,,,1
CO,CO-PUT,,,1
CO,CO-QUI,,,1
CO,CO-RIS,,,1
CO,CO-SAN,,,1
CO,CO-SAP,,,1
CO,CO-SUC,,,1
CO,CO-TOL,,,1
CO,CO-VAC,,,1
CO,CO-VAU,,,1
CO,CO-VID,,,1
CR,CR-A,,,1
CR,CR-C,,,1
CR,CR-G,,,1
CR,CR-H,,,1
CR,CR-L,,,1
CR,CR-P,,,1
CR,CR-SJ,,,1
CU,CU-01,,,1
CU,CU-03,,,1
CU,CU-04,,,1
CU,CU-05,,,1
CU,CU-06,,,1
CU,CU-07,,,1
CU,CU-08,,,1
CU,CU-09,,,1
CU,CU-10,,,1
CU,CU-11,,,1
CU,CU-12,,,1
CU,CU-13,,,1
CU,CU-14,,,1
CU,CU-15,,,1
CU,CU-16,,,1
CU,CU-99,,,1
CV,CV-B,,,1
CV,CV-BR,,,1
CV,CV-BV,,,1
CV,CV-CA,,,1
CV,CV-CF,,,1
CV,CV-CR,,,1
CV,CV-MA,,,1
CV,CV-MO,,,1
CV,CV-PA,,,1
CV,CV-PN,,,1
CV,CV-PR,,,1
CV,CV-RB,,,1
CV,CV-RG,,,1
CV,CV-RS,,,1
CV,CV-S,,,1
CV,CV-SD,,,1
CV,CV-SF,,,1
CV,CV-SL,,,1
CV,CV-SM,,,1
CV,CV-SO,,,1
CV,CV-SS,,,1
CV,CV-SV,,,1
CV,CV-TA,,,1
CV,CV-TS,,,1
CY,CY-01,,,1
CY,CY-02,,,1
CY,CY-03,,,1
CY,CY-04,,,1
CY,CY-05,,,1
CY,CY-06,,,1
CZ,CZ-10,,,1
CZ,CZ-20,,,1
CZ,CZ-201,,,1
CZ,CZ-202,,,1
CZ,CZ-203,,,1
CZ,CZ-204,,,1
CZ,CZ-205,,,1
CZ,CZ-206,,,1
CZ,CZ-207,,,1
CZ,CZ-208,,,1
CZ,CZ-209,,,1
CZ,CZ-20A,,,1
CZ,CZ-20B,,,1
CZ,CZ-20C,,,1
CZ,CZ-31,,,1
CZ,CZ-311,,,1
CZ,CZ-312,,,1
CZ,CZ-313,,,1
CZ,CZ-314,,,1
CZ,CZ-315,,,1
CZ,CZ-316,,,1
CZ,CZ-317,,,1
CZ,CZ-32,,,1
CZ,CZ-321,,,1
CZ,CZ-322,,,1
CZ,CZ-323,,,1
CZ,CZ-324,,,1
CZ,CZ-325,,,1
CZ,CZ-326,,,1
CZ,CZ-327,,,1
CZ,CZ-41,,,1
CZ,CZ-411,,,1
CZ,CZ-412,,,1
CZ,CZ-413,,,1
CZ,CZ-42,,,1
CZ,CZ-421,,,1
CZ,CZ-422,,,1
CZ,CZ-423,,,1
CZ,CZ-424,,,1
CZ,CZ-425,,,1
CZ,CZ-426,,,1
CZ,CZ-427,,,1
CZ,CZ-51,,,1
CZ,CZ-511,,,1
CZ,CZ-512,,,1
CZ,CZ-513,,,1
CZ,CZ-514,,,1
CZ,CZ-52,,,1
CZ,CZ-521,,,1
CZ,CZ-522,,,1
CZ,CZ-523,,,1
CZ,CZ-524,,,1
CZ,CZ-525,,,1
CZ,CZ-53,,,1
CZ,CZ-531,,,1
CZ,CZ-532,,,1
CZ,CZ-533,,,1
CZ,CZ-534,,,1
CZ,CZ-63,,,1
CZ,CZ-631,,,1
CZ,CZ-632,,,1
CZ,CZ-633,,,1
CZ,CZ-634,,,1
CZ,CZ-635,,,1
CZ,CZ-64,,,1
CZ,CZ-641,,,1
CZ,CZ-642,,,1
CZ,CZ-643,,,1
CZ,CZ-644,,,1
CZ,CZ-645,,,1
CZ,CZ-646,,,1
CZ,CZ-647,,,1
CZ,CZ-71,,,1
CZ,CZ-711,,,1
CZ,CZ-712,,,1
CZ,CZ-713,,,1
CZ,CZ-714,,,1
CZ,CZ-715,,,1
CZ,CZ-72,,,1
CZ,CZ-721,,,1
CZ,CZ-722,,,1
CZ,CZ-723,,,1
CZ,CZ-724,,,1
CZ,CZ-80,,,1
CZ,CZ-801,,,1
CZ,CZ-802,,,1
CZ,CZ-803,,,1
CZ,CZ-804,,,1
CZ,CZ-805,,,1
CZ,CZ-806,,,1
DE,DE-BB,,,1
DE,DE-BE,,,1
DE,DE-BW,,,1
DE,DE-BY,,,1
DE,DE-HB,,,1
DE,DE-HE,,,1
DE,DE-HH,,,1
DE,DE-MV,,,1
DE,DE-NI,,,1
DE,DE-NW,,,1
DE,DE-RP,,,1
DE,DE-SH,,,1
DE,DE-SL,,,1
DE,DE-SN,,,1
DE,DE-ST,,,1
DE,DE-TH,,,1
DJ,DJ-AR,,,1
DJ,DJ-AS,,,1
DJ,DJ-DI,,,1
DJ,DJ-DJ,,,1
DJ,DJ-OB,,,1
DJ,DJ-TA,,,1
DK,DK-81,,,1
DK,DK-82,,,1
DK,DK-83,,,1
DK,DK-84,,,1
DK,DK-85,,,1
DM,DM-02,,,1
DM,DM-03,,,1
DM,DM-04,,,1
DM,DM-05,,,1
DM,DM-06,,,1
DM,DM-07,,,1
DM,DM-08,,,1
DM,DM-09,,,1
DM,DM-10,,,1
DM,DM-11,,,1
DO,DO-01,,,1
DO,DO-02,,,1
DO,DO-03,,,1
DO,DO-04,,,1
DO,DO-05,,,1
DO,DO-06,,,1
DO,DO-07,,,1
DO,DO-08,,,1
DO,DO-09,,,1
DO,DO-10,,,1
DO,DO-11,,,1
DO,DO-12,,,1
DO,DO-13,,,1
DO,DO-14,,,1
DO,DO-15,,,1
DO,DO-16,,,1
DO,DO-17,,,1
DO,DO-18,,,1
DO,DO-19,,,1
DO,DO-20,,,1
DO,DO-21,,,1
DO,DO-22,,,1
DO,DO-23,,,1
DO,DO-24,,,1
DO,DO-25,,,1
DO,DO-26,,,1
DO,DO-27,,,1
DO,DO-28,,,1
DO,DO-29,,,1
DO,DO-30,,,1
DO,DO-31,,,1
DO,DO-32,,,1
DO,DO-33,,,1
DO,DO-34,,,1
DO,DO-35,,,1
DO,DO-36,,,1
DO,DO-37,,,1
DO,DO-38,,,1
DO,DO-39,,,1
DO,DO-40,,,1
DO,DO-41,,,1
DO,DO-42,,,1
DZ,DZ-01,,,1
DZ,DZ-02,,,1
DZ,DZ-03,,,1
DZ,DZ-04,,,1
DZ,DZ-05,,,1
DZ,DZ-06,,,1
DZ,DZ-07,,,1
DZ,DZ-08,,,1
DZ,DZ-09,,,1
DZ,DZ-10,,,1
DZ,DZ-11,,,1
DZ,DZ-12,,,1
DZ,DZ-13,,,1
DZ,DZ-14,,,1
DZ,DZ-15,,,1
DZ,DZ-16,,,1
DZ,DZ-17,,,1
DZ,DZ-18,,,1
DZ,DZ-19,,,1
DZ,DZ-20,,,1
DZ,DZ-21,,,1
DZ,DZ-22,,,1
DZ,DZ-23,,,1
DZ,DZ-24,,,1
DZ,DZ-25,,,1
DZ,DZ-26,,,1
DZ,DZ-27,,,1
DZ,DZ-28,,,1
DZ,DZ-29,,,1
DZ,DZ-30,,,1
DZ,DZ-31,,,1
DZ,DZ-32,,,1
DZ,DZ-33,,,1
DZ,DZ-34,,,1
DZ,DZ-35,,,1
DZ,DZ-36,,,1
DZ,DZ-37,,,1
DZ,DZ-38,,,1
DZ,DZ-39,,,1
DZ,DZ-40,,,1
DZ,DZ-41,,,1
DZ,DZ-42,,,1
DZ,DZ-43,,,1
DZ,DZ-44,,,1
DZ,DZ-45,,,1
DZ,DZ-46,,,1
DZ,DZ-47,,,1
DZ,DZ-48,,,1
DZ,DZ-49,,,1
DZ,DZ-50,,,1
DZ,DZ-51,,,1
DZ,DZ-52,,,1
DZ,DZ-53,,,1
DZ,DZ-54,,,1
DZ,DZ-55,,,1
DZ,DZ-56,,,1
DZ,DZ-57,,,1
DZ,DZ-58,,,1
EC,EC-A,,,1
EC,EC-B,,,1
EC,EC-C,,,1
EC,EC-D,,,1
EC,EC-E,,,1
EC,EC-F,,,1
EC,EC-G,,,1
EC,EC-H,,,1
EC,EC-I,,,1
EC,EC-L,,,1
EC,EC-M,,,1
EC,EC-N,,,1
EC,EC-O,,,1
EC,EC-P,,,1
EC,EC-R,,,1
EC,EC-S,,,1
EC,EC-SD,,,1
EC,EC-SE,,,1
EC,EC-T,,,1
EC,EC-U,,,1
EC,EC-W,,,1
EC,EC-X,,,1
EC,EC-Y,,,1
EC,EC-Z,,,1
EE,EE-130,,,1
EE,EE-141,,,1
EE,EE-142,,,1
EE,EE-171,,,1
EE,EE-184,,,1
EE,EE-191,,,1
EE,EE-198,,,1
EE,EE-205,,,1
EE,EE-214,,,1
EE,EE-245,,,1
EE,EE-247,,,1
EE,EE-251,,,1
EE,EE-255,,,1
EE,EE-272,,,1
EE,EE-283,,,1
EE,EE-284,,,1
EE,EE-291,,,1
EE,EE-293,,,1
EE,EE-296,,,1
EE,EE-303,,,1
EE,EE-305,,,1
EE,EE-317,,,1
EE,EE-321,,,1
EE,EE-338,,,1
EE,EE-353,,,1
EE,EE-37,,,1
EE,EE-39,,,1
EE,EE-424,,,1
EE,EE-430,,,1
EE,EE-431,,,1
EE,EE-432,,,1
EE,EE-441,,,1
EE,EE-442,,,1
EE,EE-446,,,1
EE,EE-45,,,1
EE,EE-478,,,1
EE,EE-480,,,1
EE,EE-486,,,1
EE,EE-50,,,1
EE,EE-503,,,1
EE,EE-511,,,1
EE,EE-514,,,1
EE,EE-52,,,1
EE,EE-528,,,1
EE,EE-557,,,1
EE,EE-56,,,1
EE,EE-567,,,1
EE,EE-586,,,1
EE,EE-60,,,1
EE,EE-615,,,1
EE,EE-618,,,1
EE,EE-622,,,1
EE,EE-624,,,1
EE,EE-638,,,1
EE,EE-64,,,1
EE,EE-651,,,1
EE,EE-653,,,1
EE,EE-661,,,1
EE,EE-663,,,1
EE,EE-668,,,1
EE,EE-68,,,1
EE,EE-689,,,1
EE,EE-698,,,1
EE,EE-708,,,1
EE,EE-71,,,1
EE,EE-712,,,1
EE,EE-714,,,1
EE,EE-719,,,1
EE,EE-726,,,1
EE,EE-732,,,1
EE,EE-735,,,1
EE,EE-74,,,1
EE,EE-784,,,1
EE,EE-79,,,1
EE,EE-792,,,1
EE,EE-793,,,1
EE,EE-796,,,1
EE,EE-803,,,1
EE,EE-809,,,1
EE,EE-81,,,1
EE,EE-824,,,1
EE,EE-834,,,1
EE,EE-84,,,1
EE,EE-855,,,1
EE,EE-87,,,1
EE,EE-890,,,1
EE,EE-897,,,1
EE,EE-899,,,1
EE,EE-901,,,1
EE,EE-903,,,1
EE,EE-907,,,1
EE,EE-917,,,1
EE,EE-919,,,1
EE,EE-928,,,1
EG,EG-ALX,,,1
EG,EG-ASN,,,1
EG,EG-AST,,,1
EG,EG-BA,,,1
EG,EG-BH,,,1
EG,EG-BNS,,,1
EG,EG-C,,,1
EG,EG-DK,,,1
EG,EG-DT,,,1
EG,EG-FYM,,,1
EG,EG-GH,,,1
EG,EG-GZ,,,1
EG,EG-IS,,,1
EG,EG-JS,,,1
EG,EG-KB,,,1
EG,EG-KFS,,,1
EG,EG-KN,,,1
EG,EG-LX,,,1
EG,EG-MN,,,1
EG,EG-MNF,,,1
EG,EG-MT,,,1
EG,EG-PTS,,,1
EG,EG-SHG,,,1
EG,EG-SHR,,,1
EG,EG-SIN,,,1
EG,EG-SUZ,,,1
EG,EG-WAD,,,1
ER,ER-AN,,,1
ER,ER-DK,,,1
ER,ER-DU,,,1
ER,ER-GB,,,1
ER,ER-MA,,,1
ER,ER-SK,,,1
ES,ES-A,,,1
ES,ES-AB,,,1
ES,ES-AL,,,1
ES,ES-AN,,,1
ES,ES-AR,,,1
ES,ES-AS,,,1
ES,ES-AV,,,1
ES,ES-B,,,1
ES,ES-BA,,,1
ES,ES-BI,,,1
ES,ES-BU,,,1
ES,ES-C,,,1
ES,ES-CA,,,1
ES,ES-CB,,,1
ES,ES-CC,,,1
ES,ES-CE,,,1
ES,ES-CL,,,1
ES,ES-CM,,,1
ES,ES-CN,,,1
ES,ES-CO,,,1
ES,ES-CR,,,1
ES,ES-CS,,,1
ES,ES-CT,,,1
ES,ES-CU,,,1
ES,ES-EX,,,1
ES,ES-GA,,,1
ES,ES-GC,,,1
ES,ES-GI,,,1
ES,ES-GR,,,1
ES,ES-GU,,,1
ES,ES-H,,,1
ES,ES-HU,,,1
ES,ES-IB,,,1
ES,ES-J,,,1
ES,ES-L,,,1
ES,ES-LE,,,1
ES,ES-LO,,,1
ES,ES-LU,,,1
ES,ES-M,,,1
ES,ES-MA,,,1
ES,ES-MC,,,1
ES,ES-MD,,,1
ES,ES-ML,,,1
ES,ES-MU,,,1
ES,ES-NA,,,1
ES,ES-NC,,,1
ES,ES-O,,,1
ES,ES-OR,,,1
ES,ES-P,,,1
ES,ES-PM,,,1
ES,ES-PO,,,1
ES,ES-PV,,,1
ES,ES-RI,,,1
ES,ES-S,,,1
ES,ES-SA,,,1
ES,ES-SE,,,1
ES,ES-SG,,,1
ES,ES-SO,,,1
ES,ES-SS,,,1
ES,ES-T,,,1
ES,ES-TE,,,1
ES,ES-TF,,,1
ES,ES-TO,,,1
ES,ES-V,,,1
ES,ES-VA,,,1
ES,ES-VC,,,1
ES,ES-VI,,,1
ES,ES-Z,,,1
ES,ES-ZA,,,1
ET,ET-AA,,,1
ET,ET-AF,,,1
ET,ET-AM,,,1
ET,ET-BE,,,1
ET,ET-DD,,,1
ET,ET-GA,,,1
ET,ET-HA,,,1
ET,ET-OR,,,1
ET,ET-SI,,,1
ET,ET-SN,,,1
ET,ET-SO,,,1
ET,ET-SW,,,1
ET,ET-TI,,,1
FI,FI-01,,,1
FI,FI-02,,,1
FI,FI-03,,,1
FI,FI-04,,,1
FI,FI-05,,,1
FI,FI-06,,,1
FI,FI-07,,,1
FI,FI-08,,,1
FI,FI-09,,,1
FI,FI-10,,,1
FI,FI-11,,,1
FI,FI-12,,,1
FI,FI-13,,,1
FI,FI-14,,,1
FI,FI-15,,,1
FI,FI-16,,,1
FI,FI-17,,,1
FI,FI-18,,,1
FI,FI-19,,,1
FJ,FJ-01,,,1
FJ,FJ-02,,,1
FJ,FJ-03,,,1
FJ,FJ-04,,,1
FJ,FJ-05,,,1
FJ,FJ-06,,,1
FJ,FJ-07,,,1
FJ,FJ-08,,,1
FJ,FJ-09,,,1
FJ,FJ-10,,,1
FJ,FJ-11,,,1
FJ,FJ-12,,,1
FJ,FJ-13,,,1
FJ,FJ-14,,,1
FJ,FJ-C,,,1
FJ,FJ-E,,,1
FJ,FJ-N,,,1
FJ,FJ-R,,,1
FJ,FJ-W,,,1
FM,FM-KSA,,,1
FM,FM-PNI,,,1
FM,FM-TRK,,,1
FM,FM-YAP,,,1
FR,FR-01,,,1
FR,FR-02,,,1
FR,FR-03,,,1
FR,FR-04,,,1
FR,FR-05,,,1
FR,FR-06,,,1
FR,FR-07,,,1
FR,FR-08,,,1
FR,FR-09,,,1
FR,FR-10,,,1
FR,FR-11,,,1
FR,FR-12,,,1
FR,FR-13,,,1
FR,FR-14,,,1
FR,FR-15,,,1
FR,FR-16,,,1
FR,FR-17,,,1
FR,FR-18,,,1
FR,FR-19,,,1
FR,FR-20R,,,1
FR,FR-21,,,1
FR,FR-22,,,1
FR,FR-23,,,1
FR,FR-24,,,1
FR,FR-25,,,1
FR,FR-26,,,1
FR,FR-27,,,1
FR,FR-28,,,1
FR,FR-29,,,1
FR,FR-2A,,,1
FR,FR-2B,,,1
FR,FR-30,,,1
FR,FR-31,,,1
FR,FR-32,,,1
FR,FR-33,,,1
FR,FR-34,,,1
FR,FR-35,,,1
FR,FR-36,,,1
FR,FR-37,,,1
FR,FR-38,,,1
FR,FR-39,,,1
FR,FR-40,,,1
FR,FR-41,,,1
FR,FR-42,,,1
FR,FR-43,,,1
FR,FR-44,,,1
FR,FR-45,,,1
FR,FR-46,,,1
FR,FR-47,,,1
FR,FR-48,,,1
FR,FR-49,,,1
FR,FR-50,,,1
FR,FR-51,,,1
FR,FR-52,,,1
FR,FR-53,,,1
FR,FR-54,,,1
FR,FR-55,,,1
FR,FR-56,,,1
FR,FR-57,,,1
FR,FR-58,,,1
FR,FR-59,,,1
FR,FR-60,,,1
FR,FR-61,,,1
FR,FR-62,,,1
FR,FR-63,,,1
FR,FR-64,,,1
FR,FR-65,,,1
FR,FR-66,,,1
FR,FR-67,,,1
FR,FR-68,,,1
FR,FR-69,,,1
FR,FR-69M,,,1
FR,FR-6AE,,,1
FR,FR-70,,,1
FR,FR-71,,,1
FR,FR-72,,,1
FR,FR-73,,,1
FR,FR-74,,,1
FR,FR-75,,,1
FR,FR-76,,,1
FR,FR-77,,,1
FR,FR-78,,,1
FR,FR-79,,,1
FR,FR-80,,,1
FR,FR-81,,,1
FR,FR-82,,,1
FR,FR-83,,,1
FR,FR-84,,,1
FR,FR-85,,,1
FR,FR-86,,,1
FR,FR-87,,,1
FR,FR-88,,,1
FR,FR-89,,,1
FR,FR-90,,,1
FR,FR-91,,,1
FR,FR-92,,,1
FR,FR-93,,,1
FR,FR-94,,,1
FR,FR-95,,,1
FR,FR-971,,,1
FR,FR-972,,,1
FR,FR-973,,,1
FR,FR-974,,,1
FR,FR-976,,,1
FR,FR-ARA,,,1
FR,FR-BFC,,,1
FR,FR-BL,,,1
FR,FR-BRE,,,1
FR,FR-CP,,,1
FR,FR-CVL,,,1
FR,FR-GES,,,1
FR,FR-HDF,,,1
FR,FR-IDF,,,1
FR,FR-MF,,,1
FR,FR-NAQ,,,1
FR,FR-NC,,,1
FR,FR-NOR,,,1
FR,FR-OCC,,,1
FR,FR-PAC,,,1
FR,FR-PDL,,,1
FR,FR-PF,,,1
FR,FR-PM,,,1
FR,FR-TF,,,1
FR,FR-WF,,,1
GA,GA-1,,,1
GA,GA-2,,,1
GA,GA-3,,,1
GA,GA-4,,,1
GA,GA-5,,,1
GA,GA-6,,,1
GA,GA-7,,,1
GA,GA-8,,,1
GA,GA-9,,,1
GB,GB-ABC,,,1
GB,GB-ABD,,,1
GB,GB-ABE,,,1
GB,GB-AGB,,,1
GB,GB-AGY,,,1
GB,GB-AND,,,1
GB,GB-ANN,,,1
GB,GB-ANS,,,1
GB,GB-BAS,,,1
GB,GB-BBD,,,1
GB,GB-BCP,,,1
GB,GB-BDF,,,1
GB,GB-BDG,,,1
GB,GB-BEN,,,1
GB,GB-BEX,,,1
GB,GB-BFS,,,1
GB,GB-BGE,,,1
GB,GB-BGW,,,1
GB,GB-BIR,,,1
GB,GB-BKM,,,1
GB,GB-BNE,,,1
GB,GB-BNH,,,1
GB,GB-BNS,,,1
GB,GB-BOL,,,1
GB,GB-BPL,,,1
GB,GB-BRC,,,1
GB,GB-BRD,,,1
GB,GB-BRY,,,1
GB,GB-BST,,,1
GB,GB-BUR,,,1
GB,GB-CAM,,,1
GB,GB-CAY,,,1
GB,GB-CBF,,,1
GB,GB-CCG,,,1
GB,GB-CGN,,,1
GB,GB-CHE,,,1
GB,GB-CHW,,,1
GB,GB-CLD,,,1
GB,GB-CLK,,,1
GB,GB-CMA,,,1
GB,GB-CMD,,,1
GB,GB-CMN,,,1
GB,GB-CON,,,1
GB,GB-COV,,,1
GB,GB-CRF,,,1
GB,GB-CRY,,,1
GB,GB-CWY,,,1
GB,GB-DAL,,,1
GB,GB-DBY,,,1
GB,GB-DEN,,,1
GB,GB-DER,,,1
GB,GB-DEV,,,1
GB,GB-DGY,,,1
GB,GB-DNC,,,1
GB,GB-DND,,,1
GB,GB-DOR,,,1
GB,GB-DRS,,,1
GB,GB-DUD,,,1
GB,GB-DUR,,,1
GB,GB-EAL,,,1
GB,GB-EAW,,,1
GB,GB-EAY,,,1
GB,GB-EDH,,,1
GB,GB-EDU,,,1
GB,GB-ELN,,,1
GB,GB-ELS,,,1
GB,GB-ENF,,,1
GB,GB-ENG,,,1
GB,GB-ERW,,,1
GB,GB-ERY,,,1
GB,GB-ESS,,,1
GB,GB-ESX,,,1
GB,GB-FAL,,,1
GB,GB-FIF,,,1
GB,GB-FLN,,,1
GB,GB-FMO,,,1
GB,GB-GAT,,,1
GB,GB-GBN,,,1
GB,GB-GLG,,,1
GB,GB-GLS,,,1
GB,GB-GRE,,,1
GB,GB-GWN,,,1
GB,GB-HAL,,,1
GB,GB-HAM,,,1
GB,GB-HAV,,,1
GB,GB-HCK,,,1
GB,GB-HEF,,,1
GB,GB-HIL,,,1
GB,GB-HLD,,,1
GB,GB-HMF,,,1
GB,GB-HNS,,,1
GB,GB-HPL,,,1
GB,GB-HRT,,,1
GB,GB-HRW,,,1
GB,GB-HRY,,,1
GB,GB-IOS,,,1
GB,GB-IOW,,,1
GB,GB-ISL,,,1
GB,GB-IVC,,,1
GB,GB-KEC,,,1
GB,GB-KEN,,,1
GB,GB-KHL,,,1
GB,GB-KIR,,,1
GB,GB-KTT,,,1
GB,GB-KWL,,,1
GB,GB-LAN,,,1
GB,GB-LBC,,,1
GB,GB-LBH,,,1
GB,GB-LCE,,,1
GB,GB-LDS,,,1
GB,GB-LEC,,,1
GB,GB-LEW,,,1
GB,GB-LIN,,,1
GB,GB-LIV,,,1
GB,GB-LND,,,1
GB,GB-LUT,,,1
GB,GB-MAN,,,1
GB,GB-MDB,,,1
GB,GB-MDW,,,1
GB,GB-MEA,,,1
GB,GB-MIK,,,1
GB,GB-MLN,,,1
GB,GB-MON,,,1
GB,GB-MRT,,,1
GB,GB-MRY,,,1
GB,GB-MTY,,,1
GB,GB-MUL,,,1
GB,GB-NAY,,,1
GB,GB-NBL,,,1
GB,GB-NEL,,,1
GB,GB-NET,,,1
GB,GB-NFK,,,1
GB,GB-NGM,,,1
GB,GB-NIR,,,1
GB,GB-NLK,,,1
GB,GB-NLN,,,1
GB,GB-NMD,,,1
GB,GB-NNH,,,1
GB,GB-NSM,,,1
GB,GB-NTL,,,1
GB,GB-NTT,,,1
GB,GB-NTY,,,1
GB,GB-NWM,,,1
GB,GB-NWP,,,1
GB,GB-NYK,,,1
GB,GB-OLD,,,1
GB,GB-ORK,,,1
GB,GB-OXF,,,1
GB,GB-PEM,,,1
GB,GB-PKN,,,1
GB,GB-PLY,,,1
GB,GB-POR,,,1
GB,GB-POW,,,1
GB,GB-PTE,,,1
GB,GB-RCC,,,1
GB,GB-RCH,,,1
GB,GB-RCT,,,1
GB,GB-RDB,,,1
GB,GB-RDG,,,1
GB,GB-RFW,,,1
GB,GB-RIC,,,1
GB,GB-ROT,,,1
GB,GB-RUT,,,1
GB,GB-SAW,,,1
GB,GB-SAY,,,1
GB,GB-SCB,,,1
GB,GB-SCT,,,1
GB,GB-SFK,,,1
GB,GB-SFT,,,1
GB,GB-SGC,,,1
GB,GB-SHF,,,1
GB,GB-SHN,,,1
GB,GB-SHR,,,1
GB,GB-SKP,,,1
GB,GB-SLF,,,1
GB,GB-SLG,,,1
GB,GB-SLK,,,1
GB,GB-SND,,,1
GB,GB-SOL,,,1
GB,GB-SOM,,,1
GB,GB-SOS,,,1
GB,GB-SRY,,,1
GB,GB-STE,,,1
GB,GB-STG,,,1
GB,GB-STH,,,1
GB,GB-STN,,,1
GB,GB-STS,,,1
GB,GB-STT,,,1
GB,GB-STY,,,1
GB,GB-SWA,,,1
GB,GB-SWD,,,1
GB,GB-SWK,,,1
GB,GB-TAM,,,1
GB,GB-TFW,,,1
GB,GB-THR,,,1
GB,GB-TOB,,,1
GB,GB-TOF,,,1
GB,GB-TRF,,,1
GB,GB-TWH,,,1
GB,GB-UKM,,,1
GB,GB-VGL,,,1
GB,GB-WAR,,,1
GB,GB-WBK,,,1
GB,GB-WDU,,,1
GB,GB-WFT,,,1
GB,GB-WGN,,,1
GB,GB-WIL,,,1
GB,GB-WKF,,,1
GB,GB-WLL,,,1
GB,GB-WLN,,,1
GB,GB-WLS,,,1
GB,GB-WLV,,,1
GB,GB-WND,,,1
GB,GB-WNH,,,1
GB,GB-WNM,,,1
GB,GB-WOK,,,1
GB,GB-WOR,,,1
GB,GB-WRL,,,1
GB,GB-WRT,,,1
GB,GB-WRX,,,1
GB,GB-WSM,,,1
GB,GB-WSX,,,1
GB,GB-YOR,,,1
GB,GB-ZET,,,1
GD,GD-01,,,1
GD,GD-02,,,1
GD,GD-03,,,1
GD,GD-04,,,1
GD,GD-05,,,1
GD,GD-06,,,1
GD,GD-10,,,1
GE,GE-AB,,,1
GE,GE-AJ,,,1
GE,GE-GU,,,1
GE,GE-IM,,,1
GE,GE-KA,,,1
GE,GE-KK,,,1
GE,GE-MM,,,1
GE,GE-RL,,,1
GE,GE-SJ,,,1
GE,GE-SK,,,1
GE,GE-SZ,,,1
GE,GE-TB,,,1
GH,GH-AA,,,1
GH,GH-AF,,,1
GH,GH-AH,,,1
GH,GH-BE,,,1
GH,GH-BO,,,1
GH,GH-CP,,,1
GH,GH-EP,,,1
GH,GH-NE,,,1
GH,GH-NP,,,1
GH,GH-OT,,,1
GH,GH-SV,,,1
GH,GH-TV,,,1
GH,GH-UE,,,1
GH,GH-UW,,,1
GH,GH-WN,,,1
GH,GH-WP,,,1
GL,GL-AV,,,1
GL,GL-KU,,,1
GL,GL-QE,,,1
GL,GL-QT,,,1
GL,GL-SM,,,1
GM,GM-B,,,1
GM,GM-L,,,1
GM,GM-M,,,1
GM,GM-N,,,1
GM,GM-U,,,1
GM,GM-W,,,1
GN,GN-B,,,1
GN,GN-BE,,,1
GN,GN-BF,,,1
GN,GN-BK,,,1
GN,GN-C,,,1
GN,GN-CO,,,1
GN,GN-D,,,1
GN,GN-DB,,,1
GN,GN-DI,,,1
GN,GN-DL,,,1
GN,GN-DU,,,1
GN,GN-F,,,1
GN,GN-FA,,,1
GN,GN-FO,,,1
GN,GN-FR,,,1
GN,GN-GA,,,1
GN,GN-GU,,,1
GN,GN-K,,,1
GN,GN-KA,,,1
GN,GN-KB,,,1
GN,GN-KD,,,1
GN,GN-KE,,,1
GN,GN-KN,,,1
GN,GN-KO,,,1
GN,GN-KS,,,1
GN,GN-L,,,1
GN,GN-LA,,,1
GN,GN-LE,,,1
GN,GN-LO,,,1
GN,GN-M,,,1
GN,GN-MC,,,1
GN,GN-MD,,,1
GN,GN-ML,,,1
GN,GN-MM,,,1
GN,GN-N,,,1
GN,GN-NZ,,,1
GN,GN-PI,,,1
GN,GN-SI,,,1
GN,GN-TE,,,1
GN,GN-TO,,,1
GN,GN-YO,,,1
GQ,GQ-AN,,,1
GQ,GQ-BN,,,1
GQ,GQ-BS,,,1
GQ,GQ-C,,,1
GQ,GQ-CS,,,1
GQ,GQ-DJ,,,1
GQ,GQ-I,,,1
GQ,GQ-KN,,,1
GQ,GQ-LI,,,1
GQ,GQ-WN,,,1
GR,GR-69,,,1
GR,GR-A,,,1
GR,GR-B,,,1
GR,GR-C,,,1
GR,GR-D,,,1
GR,GR-E,,,1
GR,GR-F,,,1
GR,GR-G,,,1
GR,GR-H,,,1
GR,GR-I,,,1
GR,GR-J,,,1
GR,GR-K,,,1
GR,GR-L,,,1
GR,GR-M,,,1
GT,GT-01,,,1
GT,GT-02,,,1
GT,GT-03,,,1
GT,GT-04,,,1
GT,GT-05,,,1
GT,GT-06,,,1
GT,GT-07,,,1
GT,GT-08,,,1
GT,GT-09,,,1
GT,GT-10,,,1
GT,GT-11,,,1
GT,GT-12,,,1
GT,GT-13,,,1
GT,GT-14,,,1
GT,GT-15,,,1
GT,GT-16,,,1
GT,GT-17,,,1
GT,GT-18,,,1
GT,GT-19,,,1
GT,GT-20,,,1
GT,GT-21,,,1
GT,GT-22,,,1
GW,GW-BA,,,1
GW,GW-BL,,,1
GW,GW-BM,,,1
GW,GW-BS,,,1
GW,GW-CA,,,1
GW,GW-GA,,,1
GW,GW-L,,,1
GW,GW-N,,,1
GW,GW-OI,,,1
GW,GW-QU,,,1
GW,GW-S,,,1
GW,GW-TO,,,1
GY,GY-BA,,,1
GY,GY-CU,,,1
GY,GY-DE,,,1
GY,GY-EB,,,1
GY,GY-ES,,,1
GY,GY-MA,,,1
GY,GY-PM,,,1
GY,GY-PT,,,1
GY,GY-UD,,,1
GY,GY-UT,,,1
HN,HN-AT,,,1
HN,HN-CH,,,1
HN,HN-CL,,,1
HN,HN-CM,,,1
HN,HN-CP,,,1
HN,HN-CR,,,1
HN,HN-EP,,,1
HN,HN-FM,,,1
HN,HN-GD,,,1
HN,HN-IB,,,1
HN,HN-IN,,,1
HN,HN-LE,,,1
HN,HN-LP,,,1
HN,HN-OC,,,1
HN,HN-OL,,,1
HN,HN-SB,,,1
HN,HN-VA,,,1
HN,HN-YO,,,1
HR,HR-01,,,1
HR,HR-02,,,1
HR,HR-03,,,1
HR,HR-04,,,1
HR,HR-05,,,1
HR,HR-06,,,1
HR,HR-07,,,1
HR,HR-08,,,1
HR,HR-09,,,1
HR,HR-10,,,1
HR,HR-11,,,1
HR,HR-12,,,1
HR,HR-13,,,1
HR,HR-14,,,1
HR,HR-15,,,1
HR,HR-16,,,1
HR,HR-17,,,1
HR,HR-18,,,1
HR,HR-19,,,1
HR,HR-20,,,1
HR,HR-21,,,1
HT,HT-AR,,,1
HT,HT-CE,,,1
HT,HT-GA,,,1
HT,HT-ND,,,1
HT,HT-NE,,,1
HT,HT-NI,,,1
HT,HT-NO,,,1
HT,HT-OU,,,1
HT,HT-SD,,,1
HT,HT-SE,,,1
HU,HU-BA,,,1
HU,HU-BC,,,1
HU,HU-BE,,,1
HU,HU-BK,,,1
HU,HU-BU,,,1
HU,HU-BZ,,,1
HU,HU-CS,,,1
HU,HU-DE,,,1
HU,HU-DU,,,1
HU,HU-EG,,,1
HU,HU-ER,,,1
HU,HU-FE,,,1
HU,HU-GS,,,1
HU,HU-GY,,,1
HU,HU-HB,,,1
HU,HU-HE,,,1
HU,HU-HV,,,1
HU,HU-JN,,,1
HU,HU-KE,,,1
HU,HU-KM,,,1
HU,HU-KV,,,1
HU,HU-MI,,,1
HU,HU-NK,,,1
HU,HU-NO,,,1
HU,HU-NY,,,1
HU,HU-PE,,,1
HU,HU-PS,,,1
HU,HU-SD,,,1
HU,HU-SF,,,1
HU,HU-SH,,,1
HU,HU-SK,,,1
HU,HU-SN,,,1
HU,HU-SO,,,1
HU,HU-SS,,,1
HU,HU-ST,,,1
HU,HU-SZ,,,1
HU,HU-TB,,,1
HU,HU-TO,,,1
HU,HU-VA,,,1
HU,HU-VE,,,1
HU,HU-VM,,,1
HU,HU-ZA,,,1
HU,HU-ZE,,,1
ID,ID-AC,,,1
ID,ID-BA,,,1
ID,ID-BB,,,1
ID,ID-BE,,,1
ID,ID-BT,,,1
ID,ID-GO,,,1
ID,ID-JA,,,1
ID,ID-JB,,,1
ID,ID-JI,,,1
ID,ID-JK,,,1
ID,ID-JT,,,1
ID,ID-JW,,,1
ID,ID-KA,,,1
ID,ID-KB,,,1
ID,ID-KI,,,1
ID,ID-KR,,,1
ID,ID-KS,,,1
ID,ID-KT,,,1
ID,ID-KU,,,1
ID,ID-LA,,,1
ID,ID-MA,,,1
ID,ID-ML,,,1
ID,ID-MU,,,1
ID,ID-NB,,,1
ID,ID-NT,,,1
ID,ID-NU,,,1
ID,ID-PA,,,1
ID,ID-PB,,,1
ID,ID-PD,,,1
ID,ID-PE,,,1
ID,ID-PP,,,1
ID,ID-PS,,,1
ID,ID-PT,,,1
ID,ID-RI,,,1
ID,ID-SA,,,1
ID,ID-SB,,,1
ID,ID-SG,,,1
ID,ID-SL,,,1
ID,ID-SM,,,1
ID,ID-SN,,,1
ID,ID-SR,,,1
ID,ID-SS,,,1
ID,ID-ST,,,1
ID,ID-SU,,,1
ID,ID-YO,,,1
IE,IE-C,,,1
IE,IE-CE,,,1
IE,IE-CN,,,1
IE,IE-CO,,,1
IE,IE-CW,,,1
IE,IE-D,,,1
IE,IE-DL,,,1
IE,IE-G,,,1
IE,IE-KE,,,1
IE,IE-KK,,,1
IE,IE-KY,,,1
IE,IE-L,,,1
IE,IE-LD,,,1
IE,IE-LH,,,1
IE,IE-LK,,,1
IE,IE-LM,,,1
IE,IE-LS,,,1
IE,IE-M,,,1
IE,IE-MH,,,1
IE,IE-MN,,,1
IE,IE-MO,,,1
IE,IE-OY,,,1
IE,IE-RN,,,1
IE,IE-SO,,,1
IE,IE-TA,,,1
IE,IE-U,,,1
IE,IE-WD,,,1
IE,IE-WH,,,1
IE,IE-WW,,,1
IE,IE-WX,,,1
IL,IL-D,,,1
IL,IL-HA,,,1
IL,IL-JM,,,1
IL,IL-M,,,1
IL,IL-TA,,,1
IL,IL-Z,,,1
IN,IN-AN,,,1
IN,IN-AP,,,1
IN,IN-AR,,,1
IN,IN-AS,,,1
IN,IN-BR,,,1
IN,IN-CG,,,1
IN,IN-CH,,,1
IN,IN-DH,,,1
IN,IN-DL,,,1
IN,IN-GA,,,1
IN,IN-GJ,,,1
IN,IN-HP,,,1
IN,IN-HR,,,1
IN,IN-JH,,,1
IN,IN-JK,,,1
IN,IN-KA,,,1
IN,IN-KL,,,1
IN,IN-LA,,,1
IN,IN-LD,,,1
IN,IN-MH,,,1
IN,IN-ML,,,1
IN,IN-MN,,,1
IN,IN-MP,,,1
IN,IN-MZ,,,1
IN,IN-NL,,,1
IN,IN-OD,,,1
IN,IN-PB,,,1
IN,IN-PY,,,1
IN,IN-RJ,,,1
IN,IN-SK,,,1
IN,IN-TN,,,1
IN,IN-TR,,,1
IN,IN-TS,,,1
IN,IN-UK,,,1
IN,IN-UP,,,1
IN,IN-WB,,,1
IQ,IQ-AN,,,1
IQ,IQ-AR,,,1
IQ,IQ-BA,,,1
IQ,IQ-BB,,,1
IQ,IQ-BG,,,1
IQ,IQ-DA,,,1
IQ,IQ-DI,,,1
IQ,IQ-DQ,,,1
IQ,IQ-KA,,,1
IQ,IQ-KI,,,1
IQ,IQ-KR,,,1
IQ,IQ-MA,,,1
IQ,IQ-MU,,,1
IQ,IQ-NA,,,1
IQ,IQ-NI,,,1
IQ,IQ-QA,,,1
IQ,IQ-SD,,,1
IQ,IQ-SU,,,1
IQ,IQ-WA,,,1
IR,IR-00,,,1
IR,IR-01,,,1
IR,IR-02,,,1
IR,IR-03,,,1
IR,IR-04,,,1
IR,IR-05,,,1
IR,IR-06,,,1
IR,IR-07,,,1
IR,IR-08,,,1
IR,IR-09,,,1
IR,IR-10,,,1
IR,IR-11,,,1
IR,IR-12,,,1
IR,IR-13,,,1
IR,IR-14,,,1
IR,IR-15,,,1
IR,IR-16,,,1
IR,IR-17,,,1
IR,IR-18,,,1
IR,IR-19,,,1
IR,IR-20,,,1
IR,IR-21,,,1
IR,IR-22,,,1
IR,IR-23,,,1
IR,IR-24,,,1
IR,IR-25,,,1
IR,IR-26,,,1
IR,IR-27,,,1
IR,IR-28,,,1
IR,IR-29,,,1
IR,IR-30,,,1
IS,IS-1,,,1
IS,IS-2,,,1
IS,IS-3,,,1
IS,IS-4,,,1
IS,IS-5,,,1
IS,IS-6,,,1
IS,IS-7,,,1
IS,IS-8,,,1
IS,IS-AKN,,,1
IS,IS-AKU,,,1
IS,IS-ARN,,,1
IS,IS-ASA,,,1
IS,IS-BLA,,,1
IS,IS-BOG,,,1
IS,IS-BOL,,,1
IS,IS-DAB,,,1
IS,IS-DAV,,,1
IS,IS-EOM,,,1
IS,IS-EYF,,,1
IS,IS-FJD,,,1
IS,IS-FJL,,,1
IS,IS-FLA,,,1
IS,IS-FLR,,,1
IS,IS-GAR,,,1
IS,IS-GOG,,,1
IS,IS-GRN,,,1
IS,IS-GRU,,,1
IS,IS-GRY,,,1
IS,IS-HAF,,,1
IS,IS-HRG,,,1
IS,IS-HRU,,,1
IS,IS-HUV,,,1
IS,IS-HVA,,,1
IS,IS-HVE,,,1
IS,IS-ISA,,,1
IS,IS-KAL,,,1
IS,IS-KJO,,,1
IS,IS-KOP,,,1
IS,IS-LAN,,,1
IS,IS-MOS,,,1
IS,IS-MYR,,,1
IS,IS-NOR,,,1
IS,IS-RGE,,,1
IS,IS-RGY,,,1
IS,IS-RHH,,,1
IS,IS-RKN,,,1
IS,IS-RKV,,,1
IS,IS-SBT,,,1
IS,IS-SDN,,,1
IS,IS-SDV,,,1
IS,IS-SEL,,,1
IS,IS-SFA,,,1
IS,IS-SHF,,,1
IS,IS-SKF,,,1
IS,IS-SKG,,,1
IS,IS-SKO,,,1
IS,IS-SNF,,,1
IS,IS-SOG,,,1
IS,IS-SOL,,,1
IS,IS-SSS,,,1
IS,IS-STR,,,1
IS,IS-STY,,,1
IS,IS-SVG,,,1
IS,IS-TAL,,,1
IS,IS-THG,,,1
IS,IS-TJO,,,1
IS,IS-VEM,,,1
IS,IS-VER,,,1
IS,IS-VOP,,,1
IT,IT-21,,,1
IT,IT-23,,,1
IT,IT-25,,,1
IT,IT-32,,,1
IT,IT-34,,,1
IT,IT-36,,,1
IT,IT-42,,,1
IT,IT-45,,,1
IT,IT-52,,,1
IT,IT-55,,,1
IT,IT-57,,,1
IT,IT-62,,,1
IT,IT-65,,,1
IT,IT-67,,,1
IT,IT-72,,,1
IT,IT-75,,,1
IT,IT-77,,,1
IT,IT-78,,,1
IT,IT-82,,,1
IT,IT-88,,,1
IT,IT-AG,,,1
IT,IT-AL,,,1
IT,IT-AN,,,1
IT,IT-AP,,,1
IT,IT-AQ,,,1
IT,IT-AR,,,1
IT,IT-AT,,,1
IT,IT-AV,,,1
IT,IT-BA,,,1
IT,IT-BG,,,1
IT,IT-BI,,,1
IT,IT-BL,,,1
IT,IT-BN,,,1
IT,IT-BO,,,1
IT,IT-BR,,,1
IT,IT-BS,,,1
IT,IT-BT,,,1
IT,IT-BZ,,,1
IT,IT-CA,,,1
IT,IT-CB,,,1
IT,IT-CE,,,1
IT,IT-CH,,,1
IT,IT-CL,,,1
IT,IT-CN,,,1
IT,IT-CO,,,1
IT,IT-CR,,,1
IT,IT-CS,,,1
IT,IT-CT,,,1
IT,IT-CZ,,,1
IT,IT-EN,,,1
IT,IT-FC,,,1
IT,IT-FE,,,1
IT,IT-FG,,,1
IT,IT-FI,,,1
IT,IT-FM,,,1
IT,IT-FR,,,1
IT,IT-GE,,,1
IT,IT-GO,,,1
IT,IT-GR,,,1
IT,IT-IM,,,1
IT,IT-IS,,,1
IT,IT-KR,,,1
IT,IT-LC,,,1
IT,IT-LE,,,1
IT,IT-LI,,,1
IT,IT-LO,,,1
IT,IT-LT,,,1
IT,IT-LU,,,1
IT,IT-MB,,,1
IT,IT-MC,,,1
IT,IT-ME,,,1
IT,IT-MI,,,1
IT,IT-MN,,,1
IT,IT-MO,,,1
IT,IT-MS,,,1
IT,IT-MT,,,1
IT,IT-NA,,,1
IT,IT-NO,,,1
IT,IT-NU,,,1
IT,IT-OR,,,1
IT,IT-PA,,,1
IT,IT-PC,,,1
IT,IT-PD,,,1
IT,IT-PE,,,1
IT,IT-PG,,,1
IT,IT-PI,,,1
IT,IT-PN,,,1
IT,IT-PO,,,1
IT,IT-PR,,,1
IT,IT-PT,,,1
IT,IT-PU,,,1
IT,IT-PV,,,1
IT,IT-PZ,,,1
IT,IT-RA,,,1
IT,IT-RC,,,1
IT,IT-RE,,,1
IT,IT-RG,,,1
IT,IT-RI,,,1
IT,IT-RM,,,1
IT,IT-RN,,,1
IT,IT-RO,,,1
IT,IT-SA,,,1
IT,IT-SI,,,1
IT,IT-SO,,,1
IT,IT-SP,,,1
IT,IT-SR,,,1
IT,IT-SS,,,1
IT,IT-SU,,,1
IT,IT-SV,,,1
IT,IT-TA,,,1
IT,IT-TE,,,1
IT,IT-TN,,,1
IT,IT-TO,,,1
IT,IT-TP,,,1
IT,IT-TR,,,1
IT,IT-TS,,,1
IT,IT-TV,,,1
IT,IT-UD,,,1
IT,IT-VA,,,1
IT,IT-VB,,,1
IT,IT-VC,,,1
IT,IT-VE,,,1
IT,IT-VI,,,1
IT,IT-VR,,,1
IT,IT-VT,,,1
IT,IT-VV,,,1
JM,JM-01,,,1
JM,JM-02,,,1
JM,JM-03,,,1
JM,JM-04,,,1
JM,JM-05,,,1
JM,JM-06,,,1
JM,JM-07,,,1
JM,JM-08,,,1
JM,JM-09,,,1
JM,JM-10,,,1
JM,JM-11,,,1
JM,JM-12,,,1
JM,JM-13,,,1
JM,JM-14,,,1
JO,JO-AJ,,,1
JO,JO-AM,,,1
JO,JO-AQ,,,1
JO,JO-AT,,,1
JO,JO-AZ,,,1
JO,JO-BA,,,1
JO,JO-IR,,,1
JO,JO-JA,,,1
JO,JO-KA,,,1
JO,JO-MA,,,1
JO,JO-MD,,,1
JO,JO-MN,,,1
JP,JP-01,,,1
JP,JP-02,,,1
JP,JP-03,,,1
JP,JP-04,,,1
JP,JP-05,,,1
JP,JP-06,,,1
JP,JP-07,,,1
JP,JP-08,,,1
JP,JP-09,,,1
JP,JP-10,,,1
JP,JP-11,,,1
JP,JP-12,,,1
JP,JP-13,,,1
JP,JP-14,,,1
JP,JP-15,,,1
JP,JP-16,,,1
JP,JP-17,,,1
JP,JP-18,,,1
JP,JP-19,,,1
JP,JP-20,,,1
JP,JP-21,,,1
JP,JP-22,,,1
JP,JP-23,,,1
JP,JP-24,,,1
JP,JP-25,,,1
JP,JP-26,,,1
JP,JP-27,,,1
JP,JP-28,,,1
JP,JP-29,,,1
JP,JP-30,,,1
JP,JP-31,,,1
JP,JP-32,,,1
JP,JP-33,,,1
JP,JP-34,,,1
JP,JP-35,,,1
JP,JP-36,,,1
JP,JP-37,,,1
JP,JP-38,,,1
JP,JP-39,,,1
JP,JP-40,,,1
JP,JP-41,,,1
JP,JP-42,,,1
JP,JP-43,,,1
JP,JP-44,,,1
JP,JP-45,,,1
JP,JP-46,,,1
JP,JP-47,,,1
KE,KE-01,,,1
KE,KE-02,,,1
KE,KE-03,,,1
KE,KE-04,,,1
KE,KE-05,,,1
KE,KE-06,,,1
KE,KE-07,,,1
KE,KE-08,,,1
KE,KE-09,,,1
KE,KE-10,,,1
KE,KE-11,,,1
KE,KE-12,,,1
KE,KE-13,,,1
KE,KE-14,,,1
KE,KE-15,,,1
KE,KE-16,,,1
KE,KE-17,,,1
KE,KE-18,,,1
KE,KE-19,,,1
KE,KE-20,,,1
KE,KE-21,,,1
KE,KE-22,,,1
KE,KE-23,,,1
KE,KE-24,,,1
KE,KE-25,,,1
KE,KE-26,,,1
KE,KE-27,,,1
KE,KE-28,,,1
KE,KE-29,,,1
KE,KE-30,,,1
KE,KE-31,,,1
KE,KE-32,,,1
KE,KE-33,,,1
KE,KE-34,,,1
KE,KE-35,,,1
KE,KE-36,,,1
KE,KE-37,,,1
KE,KE-38,,,1
KE,KE-39,,,1
KE,KE-40,,,1
KE,KE-41,,,1
KE,KE-42,,,1
KE,KE-43,,,1
KE,KE-44,,,1
KE,KE-45,,,1
KE,KE-46,,,1
KE,KE-47,,,1
KG,KG-B,,,1
KG,KG-C,,,1
KG,KG-GB,,,1
KG,KG-GO,,,1
KG,KG-J,,,1
KG,KG-N,,,1
KG,KG-O,,,1
KG,KG-T,,,1
KG,KG-Y,,,1
KH,KH-1,,,1
KH,KH-10,,,1
KH,KH-11,,,1
KH,KH-12,,,1
KH,KH-13,,,1
KH,KH-14,,,1
KH,KH-15,,,1
KH,KH-16,,,1
KH,KH-17,,,1
KH,KH-18,,,1
KH,KH-19,,,1
KH,KH-2,,,1
KH,KH-20,,,1
KH,KH-21,,,1
KH,KH-22,,,1
KH,KH-23,,,1
KH,KH-24,,,1
KH,KH-25,,,1
KH,KH-3,,,1
KH,KH-4,,,1
KH,KH-5,,,1
KH,KH-6,,,1
KH,KH-7,,,1
KH,KH-8,,,1
KH,KH-9,,,1
KI,KI-G,,,1
KI,KI-L,,,1
KI,KI-P,,,1
KM,KM-A,,,1
KM,KM-G,,,1
KM,KM-M,,,1
KN,KN-01,,,1
KN,KN-02,,,1
KN,KN-03,,,1
KN,KN-04,,,1
KN,KN-05,,,1
KN,KN-06,,,1
KN,KN-07,,,1
KN,KN-08,,,1
KN,KN-09,,,1
KN,KN-10,,,1
KN,KN-11,,,1
KN,KN-12,,,1
KN,KN-13,,,1
KN,KN-15,,,1
KN,KN-K,,,1
KN,KN-N,,,1
KP,KP-01,,,1
KP,KP-02,,,1
KP,KP-03,,,1
KP,KP-04,,,1
KP,KP-05,,,1
KP,KP-06,,,1
KP,KP-07,,,1
KP,KP-08,,,1
KP,KP-09,,,1
KP,KP-10,,,1
KP,KP-13,,,1
KP,KP-14,,,1
KP,KP-15,,,1
KR,KR-11,,,1
KR,KR-26,,,1
KR,KR-27,,,1
KR,KR-28,,,1
KR,KR-29,,,1
KR,KR-30,,,1
KR,KR-31,,,1
KR,KR-41,,,1
KR,KR-42,,,1
KR,KR-43,,,1
KR,KR-44,,,1
KR,KR-45,,,1
KR,KR-46,,,1
KR,KR-47,,,1
KR,KR-48,,,1
KR,KR-49,,,1
KR,KR-50,,,1
KW,KW-AH,,,1
KW,KW-FA,,,1
KW,KW-HA,,,1
KW,KW-JA,,,1
KW,KW-KU,,,1
KW,KW-MU,,,1
KZ,KZ-10,,,1
KZ,KZ-11,,,1
KZ,KZ-15,,,1
KZ,KZ-19,,,1
KZ,KZ-23,,,1
KZ,KZ-27,,,1
KZ,KZ-31,,,1
KZ,KZ-33,,,1
KZ,KZ-35,,,1
KZ,KZ-39,,,1
KZ,KZ-43,,,1
KZ,KZ-47,,,1
KZ,KZ-55,,,1
KZ,KZ-59,,,1
KZ,KZ-61,,,1
KZ,KZ-62,,,1
KZ,KZ-63,,,1
KZ,KZ-71,,,1
KZ,KZ-75,,,1
KZ,KZ-79,,,1
LA,LA-AT,,,1
LA,LA-BK,,,1
LA,LA-BL,,,1
LA,LA-CH,,,1
LA,LA-HO,,,1
LA,LA-KH,,,1
LA,LA-LM,,,1
LA,LA-LP,,,1
LA,LA-OU,,,1
LA,LA-PH,,,1
LA,LA-SL,,,1
LA,LA-SV,,,1
LA,LA-VI,,,1
LA,LA-VT,,,1
LA,LA-XA,,,1
LA,LA-XE,,,1
LA,LA-XI,,,1
LA,LA-XS,,,1
LB,LB-AK,,,1
LB,LB-AS,,,1
LB,LB-BA,,,1
LB,LB-BH,,,1
LB,LB-BI,,,1
LB,LB-JA,,,1
LB,LB-JL,,,1
LB,LB-NA,,,1
LC,LC-01,,,1
LC,LC-02,,,1
LC,LC-03,,,1
LC,LC-05,,,1
LC,LC-06,,,1
LC,LC-07,,,1
LC,LC-08,,,1
LC,LC-10,,,1
LC,LC-11,,,1
LC,LC-12,,,1
LI,LI-01,,,1
LI,LI-02,,,1
LI,LI-03,,,1
LI,LI-04,,,1
LI,LI-05,,,1
LI,LI-06,,,1
LI,LI-07,,,1
LI,LI-08,,,1
LI,LI-09,,,1
LI,LI-10,,,1
LI,LI-11,,,1
LK,LK-1,,,1
LK,LK-11,,,1
LK,LK-12,,,1
LK,LK-13,,,1
LK,LK-2,,,1
LK,LK-21,,,1
LK,LK-22,,,1
LK,LK-23,,,1
LK,LK-3,,,1
LK,LK-31,,,1
LK,LK-32,,,1
LK,LK-33,,,1
LK,LK-4,,,1
LK,LK-41,,,1
LK,LK-42,,,1
LK,LK-43,,,1
LK,LK-44,,,1
LK,LK-45,,,1
LK,LK-5,,,1
LK,LK-51,,,1
LK,LK-52,,,1
LK,LK-53,,,1
LK,LK-6,,,1
LK,LK-61,,,1
LK,LK-62,,,1
LK,LK-7,,,1
LK,LK-71,,,1
LK,LK-72,,,1
LK,LK-8,,,1
LK,LK-81,,,1
LK,LK-82,,,1
LK,LK-9,,,1
LK,LK-91,,,1
LK,LK-92,,,1
LR,LR-BG,,,1
LR,LR-BM,,,1
LR,LR-CM,,,1
LR,LR-GB,,,1
LR,LR-GG,,,1
LR,LR-GK,,,1
LR,LR-GP,,,1
LR,LR-LO,,,1
LR,LR-MG,,,1
LR,LR-MO,,,1
LR,LR-MY,,,1
LR,LR-NI,,,1
LR,LR-RG,,,1
LR,LR-RI,,,1
LR,LR-SI,,,1
LS,LS-A,,,1
LS,LS-B,,,1
LS,LS-C,,,1
LS,LS-D,,,1
LS,LS-E,,,1
LS,LS-F,,,1
LS,LS-G,,,1
LS,LS-H,,,1
LS,LS-J,,,1
LS,LS-K,,,1
LT,LT-01,,,1
LT,LT-02,,,1
LT,LT-03,,,1
LT,LT-04,,,1
LT,LT-05,,,1
LT,LT-06,,,1
LT,LT-07,,,1
LT,LT-08,,,1
LT,LT-09,,,1
LT,LT-10,,,1
LT,LT-11,,,1
LT,LT-12,,,1
LT,LT-13,,,1
LT,LT-14,,,1
LT,LT-15,,,1
LT,LT-16,,,1
LT,LT-17,,,1
LT,LT-18,,,1
LT,LT-19,,,1
LT,LT-20,,,1
LT,LT-21,,,1
LT,LT-22,,,1
LT,LT-23,,,1
LT,LT-24,,,1
LT,LT-25,,,1
LT,LT-26,,,1
LT,LT-27,,,1
LT,LT-28,,,1
LT,LT-29,,,1
LT,LT-30,,,1
LT,LT-31,,,1
LT,LT-32,,,1
LT,LT-33,,,1
LT,LT-34,,,1
LT,LT-35,,,1
LT,LT-36,,,1
LT,LT-37,,,1
LT,LT-38,,,1
LT,LT-39,,,1
LT,LT-40,,,1
LT,LT-41,,,1
LT,LT-42,,,1
LT,LT-43,,,1
LT,LT-44,,,1
LT,LT-45,,,1
LT,LT-46,,,1
LT,LT-47,,,1
LT,LT-48,,,1
LT,LT-49,,,1
LT,LT-50,,,1
LT,LT-51,,,1
LT,LT-52,,,1
LT,LT-53,,,1
LT,LT-54,,,1
LT,LT-55,,,1
LT,LT-56,,,1
LT,LT-57,,,1
LT,LT-58,,,1
LT,LT-59,,,1
LT,LT-60,,,1
LT,LT-AL,,,1
LT,LT-KL,,,1
LT,LT-KU,,,1
LT,LT-MR,,,1
LT,LT-PN,,,1
LT,LT-SA,,,1
LT,LT-TA,,,1
LT,LT-TE,,,1
LT,LT-UT,,,1
LT,LT-VL,,,1
LU,LU-CA,,,1
LU,LU-CL,,,1
LU,LU-DI,,,1
LU,LU-EC,,,1
LU,LU-ES,,,1
LU,LU-GR,,,1
LU,LU-LU,,,1
LU,LU-ME,,,1
LU,LU-RD,,,1
LU,LU-RM,,,1
LU,LU-VD,,,1
LU,LU-WI,,,1
LV,LV-002,,,1
LV,LV-007,,,1
LV,LV-011,,,1
LV,LV-015,,,1
LV,LV-016,,,1
LV,LV-022,,,1
LV,LV-026,,,1
LV,LV-033,,,1
LV,LV-041,,,1
LV,LV-042,,,1
LV,LV-047,,,1
LV,LV-050,,,1
LV,LV-052,,,1
LV,LV-054,,,1
LV,LV-056,,,1
LV,LV-058,,,1
LV,LV-059,,,1
LV,LV-062,,,1
LV,LV-067,,,1
LV,LV-068,,,1
LV,LV-073,,,1
LV,LV-077,,,1
LV,LV-080,,,1
LV,LV-087,,,1
LV,LV-088,,,1
LV,LV-089,,,1
LV,LV-091,,,1
LV,LV-094,,,1
LV,LV-097,,,1
LV,LV-099,,,1
LV,LV-101,,,1
LV,LV-102,,,1
LV,LV-106,,,1
LV,LV-111,,,1
LV,LV-112,,,1
LV,LV-113,,,1
LY,LY-BA,,,1
LY,LY-BU,,,1
LY,LY-DR,,,1
LY,LY-GT,,,1
LY,LY-JA,,,1
LY,LY-JG,,,1
LY,LY-JI,,,1
LY,LY-JU,,,1
LY,LY-KF,,,1
LY,LY-MB,,,1
LY,LY-MI,,,1
LY,LY-MJ,,,1
LY,LY-MQ,,,1
LY,LY-NL,,,1
LY,LY-NQ,,,1
LY,LY-SB,,,1
LY,LY-SR,,,1
LY,LY-TB,,,1
LY,LY-WA,,,1
LY,LY-WD,,,1
LY,LY-WS,,,1
LY,LY-ZA,,,1
MA,MA-01,,,1
MA,MA-02,,,1
MA,MA-03,,,1
MA,MA-04,,,1
MA,MA-05,,,1
MA,MA-06,,,1
MA,MA-07,,,1
MA,MA-08,,,1
MA,MA-09,,,1
MA,MA-10,,,1
MA,MA-11,,,1
MA,MA-12,,,1
MA,MA-AGD,,,1
MA,MA-AOU,,,1
MA,MA-ASZ,,,1
MA,MA-AZI,,,1
MA,MA-BEM,,,1
MA,MA-BER,,,1
MA,MA-BES,,,1
MA,MA-BOD,,,1
MA,MA-BOM,,,1
MA,MA-BRR,,,1
MA,MA-CAS,,,1
MA,MA-CHE,,,1
MA,MA-CHI,,,1
MA,MA-CHT,,,1
MA,MA-DRI,,,1
MA,MA-ERR,,,1
MA,MA-ESI,,,1
MA,MA-ESM,,,1
MA,MA-FAH,,,1
MA,MA-FES,,,1
MA,MA-FIG,,,1
MA,MA-FQH,,,1
MA,MA-GUE,,,1
MA,MA-GUF,,,1
MA,MA-HAJ,,,1
MA,MA-HAO,,,1
MA,MA-HOC,,,1
MA,MA-IFR,,,1
MA,MA-INE,,,1
MA,MA-JDI,,,1
MA,MA-JRA,,,1
MA,MA-KEN,,,1
MA,MA-KES,,,1
MA,MA-KHE,,,1
MA,MA-KHN,,,1
MA,MA-KHO,,,1
MA,MA-LAA,,,1
MA,MA-LAR,,,1
MA,MA-MAR,,,1
MA,MA-MDF,,,1
MA,MA-MED,,,1
MA,MA-MEK,,,1
MA,MA-MID,,,1
MA,MA-MOH,,,1
MA,MA-MOU,,,1
MA,MA-NAD,,,1
MA,MA-NOU,,,1
MA,MA-OUA,,,1
MA,MA-OUD,,,1
MA,MA-OUJ,,,1
MA,MA-OUZ,,,1
MA,MA-RAB,,,1
MA,MA-REH,,,1
MA,MA-SAF,,,1
MA,MA-SAL,,,1
MA,MA-SEF,,,1
MA,MA-SET,,,1
MA,MA-SIB,,,1
MA,MA-SIF,,,1
MA,MA-SIK,,,1
MA,MA-SIL,,,1
MA,MA-SKH,,,1
MA,MA-TAF,,,1
MA,MA-TAI,,,1
MA,MA-TAO,,,1
MA,MA-TAR,,,1
MA,MA-TAT,,,1
MA,MA-TAZ,,,1
MA,MA-TET,,,1
MA,MA-TIN,,,1
MA,MA-TIZ,,,1
MA,MA-TNG,,,1
MA,MA-TNT,,,1
MA,MA-YUS,,,1
MA,MA-ZAG,,,1
MC,MC-CL,,,1
MC,MC-CO,,,1
MC,MC-FO,,,1
MC,MC-GA,,,1
MC,MC-JE,,,1
MC,MC-LA,,,1
MC,MC-MA,,,1
MC,MC-MC,,,1
MC,MC-MG,,,1
MC,MC-MO,,,1
MC,MC-MU,,,1
MC,MC-PH,,,1
MC,MC-SD,,,1
MC,MC-SO,,,1
MC,MC-SP,,,1
MC,MC-SR,,,1
MC,MC-VR,,,1
MD,MD-AN,,,1
MD,MD-BA,,,1
MD,MD-BD,,,1
MD,MD-BR,,,1
MD,MD-BS,,,1
MD,MD-CA,,,1
MD,MD-CL,,,1
MD,MD-CM,,,1
MD,MD-CR,,,1
MD,MD-CS,,,1
MD,MD-CT,,,1
MD,MD-CU,,,1
MD,MD-DO,,,1
MD,MD-DR,,,1
MD,MD-DU,,,1
MD,MD-ED,,,1
MD,MD-FA,,,1
MD,MD-FL,,,1
MD,MD-GA,,,1
MD,MD-GL,,,1
MD,MD-HI,,,1
MD,MD-IA,,,1
MD,MD-LE,,,1
MD,MD-NI,,,1
MD,MD-OC,,,1
MD,MD-OR,,,1
MD,MD-RE,,,1
MD,MD-RI,,,1
MD,MD-SD,,,1
MD,MD-SI,,,1
MD,MD-SN,,,1
MD,MD-SO,,,1
MD,MD-ST,,,1
MD,MD-SV,,,1
MD,MD-TA,,,1
MD,MD-TE,,,1
MD,MD-UN,,,1
ME,ME-01,,,1
ME,ME-02,,,1
ME,ME-03,,,1
ME,ME-04,,,1
ME,ME-05,,,1
ME,ME-06,,,1
ME,ME-07,,,1
ME,ME-08,,,1
ME,ME-09,,,1
ME,ME-10,,,1
ME,ME-11,,,1
ME,ME-12,,,1
ME,ME-13,,,1
ME,ME-14,,,1
ME,ME-15,,,1
ME,ME-16,,,1
ME,ME-17,,,1
ME,ME-18,,,1
ME,ME-19,,,1
ME,ME-20,,,1
ME,ME-21,,,1
ME,ME-22,,,1
ME,ME-23,,,1
ME,ME-24,,,1
ME,ME-25,,,1
MG,MG-A,,,1
MG,MG-D,,,1
MG,MG-F,,,1
MG,MG-M,,,1
MG,MG-T,,,1
MG,MG-U,,,1
MH,MH-ALK,,,1
MH,MH-ALL,,,1
MH,MH-ARN,,,1
MH,MH-AUR,,,1
MH,MH-EBO,,,1
MH,MH-ENI,,,1
MH,MH-JAB,,,1
MH,MH-JAL,,,1
MH,MH-KIL,,,1
MH,MH-KWA,,,1
MH,MH-L,,,1
MH,MH-LAE,,,1
MH,MH-LIB,,,1
MH,MH-LIK,,,1
MH,MH-MAJ,,,1
MH,MH-MAL,,,1
MH,MH-MEJ,,,1
MH,MH-MIL,,,1
MH,MH-NMK,,,1
MH,MH-NMU,,,1
MH,MH-RON,,,1
MH,MH-T,,,1
MH,MH-UJA,,,1
MH,MH-UTI,,,1
MH,MH-WTH,,,1
MH,MH-WTJ,,,1
MK,MK-101,,,1
MK,MK-102,,,1
MK,MK-103,,,1
MK,MK-104,,,1
MK,MK-105,,,1
MK,MK-106,,,1
MK,MK-107,,,1
MK,MK-108,,,1
MK,MK-109,,,1
MK,MK-201,,,1
MK,MK-202,,,1
MK,MK-203,,,1
MK,MK-204,,,1
MK,MK-205,,,1
MK,MK-206,,,1
MK,MK-207,,,1
MK,MK-208,,,1
MK,MK-209,,,1
MK,MK-210,,,1
MK,MK-211,,,1
MK,MK-301,,,1
MK,MK-303,,,1
MK,MK-304,,,1
MK,MK-307,,,1
MK,MK-308,,,1
MK,MK-310,,,1
MK,MK-311,,,1
MK,MK-312,,,1
MK,MK-313,,,1
MK,MK-401,,,1
MK,MK-402,,,1
MK,MK-403,,,1
MK,MK-404,,,1
MK,MK-405,,,1
MK,MK-406,,,1
MK,MK-407,,,1
MK,MK-408,,,1
MK,MK-409,,,1
MK,MK-410,,,1
MK,MK-501,,,1
MK,MK-502,,,1
MK,MK-503,,,1
MK,MK-504,,,1
MK,MK-505,,,1
MK,MK-506,,,1
MK,MK-507,,,1
MK,MK-508,,,1
MK,MK-509,,,1
MK,MK-601,,,1
MK,MK-602,,,1
MK,MK-603,,,1
MK,MK-604,,,1
MK,MK-605,,,1
MK,MK-606,,,1
MK,MK-607,,,1
MK,MK-608,,,1
MK,MK-609,,,1
MK,MK-701,,,1
MK,MK-702,,,1
MK,MK-703,,,1
MK,MK-704,,,1
MK,MK-705,,,1
MK,MK-706,,,1
MK,MK-801,,,1
MK,MK-802,,,1
MK,MK-803,,,1
MK,MK-804,,,1
MK,MK-805,,,1
MK,MK-806,,,1
MK,MK-807,,,1
MK,MK-808,,,1
MK,MK-809,,,1
MK,MK-810,,,1
MK,MK-811,,,1
MK,MK-812,,,1
MK,MK-813,,,1
MK,MK-814,,,1
MK,MK-815,,,1
MK,MK-816,,,1
MK,MK-817,,,1
ML,ML-1,,,1
ML,ML-10,,,1
ML,ML-2,,,1
ML,ML-3,,,1
ML,ML-4,,,1
ML,ML-5,,,1
ML,ML-6,,,1
ML,ML-7,,,1
ML,ML-8,,,1
ML,ML-9,,,1
ML,ML-BKO,,,1
MM,MM-01,,,1
MM,MM-02,,,1
MM,MM-03,,,1
MM,MM-04,,,1
MM,MM-05,,,1
MM,MM-06,,,1
MM,MM-07,,,1
MM,MM-11,,,1
MM,MM-12,,,1
MM,MM-13,,,1
MM,MM-14,,,1
MM,MM-15,,,1
MM,MM-16,,,1
MM,MM-17,,,1
MM,MM-18,,,1
MN,MN-035,,,1
MN,MN-037,,,1
MN,MN-039,,,1
MN,MN-041,,,1
MN,MN-043,,,1
MN,MN-046,,,1
MN,MN-047,,,1
MN,MN-049,,,1
MN,MN-051,,,1
MN,MN-053,,,1
MN,MN-055,,,1
MN,MN-057,,,1
MN,MN-059,,,1
MN,MN-061,,,1
MN,MN-063,,,1
MN,MN-064,,,1
MN,MN-065,,,1
MN,MN-067,,,1
MN,MN-069,,,1
MN,MN-071,,,1
MN,MN-073,,,1
MN,MN-1,,,1
MR,MR-01,,,1
MR,MR-02,,,1
MR,MR-03,,,1
MR,MR-04,,,1
MR,MR-05,,,1
MR,MR-06,,,1
MR,MR-07,,,1
MR,MR-08,,,1
MR,MR-09,,,1
MR,MR-10,,,1
MR,MR-11,,,1
MR,MR-12,,,1
MR,MR-13,,,1
MR,MR-14,,,1
MR,MR-15,,,1
MT,MT-01,,,1
MT,MT-02,,,1
MT,MT-03,,,1
MT,MT-04,,,1
MT,MT-05,,,1
MT,MT-06,,,1
MT,MT-07,,,1
MT,MT-08,,,1
MT,MT-09,,,1
MT,MT-10,,,1
MT,MT-11,,,1
MT,MT-12,,,1
MT,MT-13,,,1
MT,MT-14,,,1
MT,MT-15,,,1
MT,MT-16,,,1
MT,MT-17,,,1
MT,MT-18,,,1
MT,MT-19,,,1
MT,MT-20,,,1
MT,MT-21,,,1
MT,MT-22,,,1
MT,MT-23,,,1
MT,MT-24,,,1
MT,MT-25,,,1
MT,MT-26,,,1
MT,MT-27,,,1
MT,MT-28,,,1
MT,MT-29,,,1
MT,MT-30,,,1
MT,MT-31,,,1
MT,MT-32,,,1
MT,MT-33,,,1
MT,MT-34,,,1
MT,MT-35,,,1
MT,MT-36,,,1
MT,MT-37,,,1
MT,MT-38,,,1
MT,MT-39,,,1
MT,MT-40,,,1
MT,MT-41,,,1
MT,MT-42,,,1
MT,MT-43,,,1
MT,MT-44,,,1
MT,MT-45,,,1
MT,MT-46,,,1
MT,MT-47,,,1
MT,MT-48,,,1
MT,MT-49,,,1
MT,MT-50,,,1
MT,MT-51,,,1
MT,MT-52,,,1
MT,MT-53,,,1
MT,MT-54,,,1
MT,MT-55,,,1
MT,MT-56,,,1
MT,MT-57,,,1
MT,MT-58,,,1
MT,MT-59,,,1
MT,MT-60,,,1
MT,MT-61,,,1
MT,MT-62,,,1
MT,MT-63,,,1
MT,MT-64,,,1
MT,MT-65,,,1
MT,MT-66,,,1
MT,MT-67,,,1
MT,MT-68,,,1
MU,MU-AG,,,1
MU,MU-BL,,,1
MU,MU-CC,,,1
MU,MU-FL,,,1
MU,MU-GP,,,1
MU,MU-MO,,,1
MU,MU-PA,,,1
MU,MU-PL,,,1
MU,MU-PW,,,1
MU,MU-RO,,,1
MU,MU-RR,,,1
MU,MU-SA,,,1
MV,MV-00,,,1
MV,MV-01,,,1
MV,MV-02,,,1
MV,MV-03,,,1
MV,MV-04,,,1
MV,MV-05,,,1
MV,MV-07,,,1
MV,MV-08,,,1
MV,MV-12,,,1
MV,MV-13,,,1
MV,MV-14,,,1
MV,MV-17,,,1
MV,MV-20,,,1
MV,MV-23,,,1
MV,MV-24,,,1
MV,MV-25,,,1
MV,MV-26,,,1
MV,MV-27,,,1
MV,MV-28,,,1
MV,MV-29,,,1
MV,MV-MLE,,,1
MW,MW-BA,,,1
MW,MW-BL,,,1
MW,MW-C,,,1
MW,MW-CK,,,1
MW,MW-CR,,,1
MW,MW-CT,,,1
MW,MW-DE,,,1
MW,MW-DO,,,1
MW,MW-KR,,,1
MW,MW-KS,,,1
MW,MW-LI,,,1
MW,MW-LK,,,1
MW,MW-MC,,,1
MW,MW-MG,,,1
MW,MW-MH,,,1
MW,MW-MU,,,1
MW,MW-MW,,,1
MW,MW-MZ,,,1
MW,MW-N,,,1
MW,MW-NB,,,1
MW,MW-NE,,,1
MW,MW-NI,,,1
MW,MW-NK,,,1
MW,MW-NS,,,1
MW,MW-NU,,,1
MW,MW-PH,,,1
MW,MW-RU,,,1
MW,MW-S,,,1
MW,MW-SA,,,1
MW,MW-TH,,,1
MW,MW-ZO,,,1
MX,MX-AGU,,,1
MX,MX-BCN,,,1
MX,MX-BCS,,,1
MX,MX-CAM,,,1
MX,MX-CHH,,,1
MX,MX-CHP,,,1
MX,MX-CMX,,,1
MX,MX-COA,,,1
MX,MX-COL,,,1
MX,MX-DUR,,,1
MX,MX-GRO,,,1
MX,MX-GUA,,,1
MX,MX-HID,,,1
MX,MX-JAL,,,1
MX,MX-MEX,,,1
MX,MX-MIC,,,1
MX,MX-MOR,,,1
MX,MX-NAY,,,1
MX,MX-NLE,,,1
MX,MX-OAX,,,1
MX,MX-PUE,,,1
MX,MX-QUE,,,1
MX,MX-ROO,,,1
MX,MX-SIN,,,1
MX,MX-SLP,,,1
MX,MX-SON,,,1
MX,MX-TAB,,,1
MX,MX-TAM,,,1
MX,MX-TLA,,,1
MX,MX-VER,,,1
MX,MX-YUC,,,1
MX,MX-ZAC,,,1
MY,MY-01,,,1
MY,MY-02,,,1
MY,MY-03,,,1
MY,MY-04,,,1
MY,MY-05,,,1
MY,MY-06,,,1
MY,MY-07,,,1
MY,MY-08,,,1
MY,MY-09,,,1
MY,MY-10,,,1
MY,MY-11,,,1
MY,MY-12,,,1
MY,MY-13,,,1
MY,MY-14,,,1
MY,MY-15,,,1
MY,MY-16,,,1
MZ,MZ-A,,,1
MZ,MZ-B,,,1
MZ,MZ-G,,,1
MZ,MZ-I,,,1
MZ,MZ-L,,,1
MZ,MZ-MPM,,,1
MZ,MZ-N,,,1
MZ,MZ-P,,,1
MZ,MZ-Q,,,1
MZ,MZ-S,,,1
MZ,MZ-T,,,1
NA,NA-CA,,,1
NA,NA-ER,,,1
NA,NA-HA,,,1
NA,NA-KA,,,1
NA,NA-KE,,,1
NA,NA-KH,,,1
NA,NA-KU,,,1
NA,NA-KW,,,1
NA,NA-OD,,,1
NA,NA-OH,,,1
NA,NA-ON,,,1
NA,NA-OS,,,1
NA,NA-OT,,,1
NA,NA-OW,,,1
NE,NE-1,,,1
NE,NE-2,,,1
NE,NE-3,,,1
NE,NE-4,,,1
NE,NE-5,,,1
NE,NE-6,,,1
NE,NE-7,,,1
NE,NE-8,,,1
NG,NG-AB,,,1
NG,NG-AD,,,1
NG,NG-AK,,,1
NG,NG-AN,,,1
NG,NG-BA,,,1
NG,NG-BE,,,1
NG,NG-BO,,,1
NG,NG-BY,,,1
NG,NG-CR,,,1
NG,NG-DE,,,1
NG,NG-EB,,,1
NG,NG-ED,,,1
NG,NG-EK,,,1
NG,NG-EN,,,1
NG,NG-FC,,,1
NG,NG-GO,,,1
NG,NG-IM,,,1
NG,NG-JI,,,1
NG,NG-KD,,,1
NG,NG-KE,,,1
NG,NG-KN,,,1
NG,NG-KO,,,1
NG,NG-KT,,,1
NG,NG-KW,,,1
NG,NG-LA,,,1
NG,NG-NA,,,1
NG,NG-NI,,,1
NG,NG-OG,,,1
NG,NG-ON,,,1
NG,NG-OS,,,1
NG,NG-OY,,,1
NG,NG-PL,,,1
NG,NG-RI,,,1
NG,NG-SO,,,1
NG,NG-TA,,,1
NG,NG-YO,,,1
NG,NG-ZA,,,1
NI,NI-AN,,,1
NI,NI-AS,,,1
NI,NI-BO,,,1
NI,NI-CA,,,1
NI,NI-CI,,,1
NI,NI-CO,,,1
NI,NI-ES,,,1
NI,NI-GR,,,1
NI,NI-JI,,,1
NI,NI-LE,,,1
NI,NI-MD,,,1
NI,NI-MN,,,1
NI,NI-MS,,,1
NI,NI-MT,,,1
NI,NI-NS,,,1
NI,NI-RI,,,1
NI,NI-SJ,,,1
NL,NL-AW,,,1
NL,NL-BQ1,,,1
NL,NL-BQ2,,,1
NL,NL-BQ3,,,1
NL,NL-CW,,,1
NL,NL-DR,,,1
NL,NL-FL,,,1
NL,NL-FR,,,1
NL,NL-GE,,,1
NL,NL-GR,,,1
NL,NL-LI,,,1
NL,NL-NB,,,1
NL,NL-NH,,,1
NL,NL-OV,,,1
NL,NL-SX,,,1
NL,NL-UT,,,1
NL,NL-ZE,,,1
NL,NL-ZH,,,1
NO,NO-03,,,1
NO,NO-11,,,1
NO,NO-15,,,1
NO,NO-18,,,1
NO,NO-21,,,1
NO,NO-22,,,1
NO,NO-30,,,1
NO,NO-34,,,1
NO,NO-38,,,1
NO,NO-42,,,1
NO,NO-46,,,1
NO,NO-50,,,1
NO,NO-54,,,1
NP,NP-P1,,,1
NP,NP-P2,,,1
NP,NP-P3,,,1
NP,NP-P4,,,1
NP,NP-P5,,,1
NP,NP-P6,,,1
NP,NP-P7,,,1
NR,NR-01,,,1
NR,NR-02,,,1
NR,NR-03,,,1
NR,NR-04,,,1
NR,NR-05,,,1
NR,NR-06,,,1
NR,NR-07,,,1
NR,NR-08,,,1
NR,NR-09,,,1
NR,NR-10,,,1
NR,NR-11,,,1
NR,NR-12,,,1
NR,NR-13,,,1
NR,NR-14,,,1
NZ,NZ-AUK,,,1
NZ,NZ-BOP,,,1
NZ,NZ-CAN,,,1
NZ,NZ-CIT,,,1
NZ,NZ-GIS,,,1
NZ,NZ-HKB,,,1
NZ,NZ-MBH,,,1
NZ,NZ-MWT,,,1
NZ,NZ-NSN,,,1
NZ,NZ-NTL,,,1
NZ,NZ-OTA,,,1
NZ,NZ-STL,,,1
NZ,NZ-TAS,,,1
NZ,NZ-TKI,,,1
NZ,NZ-WGN,,,1
NZ,NZ-WKO,,,1
NZ,NZ-WTC,,,1
OM,OM-BJ,,,1
OM,OM-BS,,,1
OM,OM-BU,,,1
OM,OM-DA,,,1
OM,OM-MA,,,1
OM,OM-MU,,,1
OM,OM-SJ,,,1
OM,OM-SS,,,1
OM,OM-WU,,,1
OM,OM-ZA,,,1
OM,OM-ZU,,,1
PA,PA-1,,,1
PA,PA-10,,,1
PA,PA-2,,,1
PA,PA-3,,,1
PA,PA-4,,,1
PA,PA-5,,,1
PA,PA-6,,,1
PA,PA-7,,,1
PA,PA-8,,,1
PA,PA-9,,,1
PA,PA-EM,,,1
PA,PA-KY,,,1
PA,PA-NB,,,1
PA,PA-NT,,,1
PE,PE-AMA,,,1
PE,PE-ANC,,,1
PE,PE-APU,,,1
PE,PE-ARE,,,1
PE,PE-AYA,,,1
PE,PE-CAJ,,,1
PE,PE-CAL,,,1
PE,PE-CUS,,,1
PE,PE-HUC,,,1
PE,PE-HUV,,,1
PE,PE-ICA,,,1
PE,PE-JUN,,,1
PE,PE-LAL,,,1
PE,PE-LAM,,,1
PE,PE-LIM,,,1
PE,PE-LMA,,,1
PE,PE-LOR,,,1
PE,PE-MDD,,,1
PE,PE-MOQ,,,1
PE,PE-PAS,,,1
PE,PE-PIU,,,1
PE,PE-PUN,,,1
PE,PE-SAM,,,1
PE,PE-TAC,,,1
PE,PE-TUM,,,1
PE,PE-UCA,,,1
PG,PG-CPK,,,1
PG,PG-CPM,,,1
PG,PG-EBR,,,1
PG,PG-EHG,,,1
PG,PG-EPW,,,1
PG,PG-ESW,,,1
PG,PG-GPK,,,1
PG,PG-HLA,,,1
PG,PG-JWK,,,1
PG,PG-MBA,,,1
PG,PG-MPL,,,1
PG,PG-MPM,,,1
PG,PG-MRL,,,1
PG,PG-NCD,,,1
PG,PG-NIK,,,1
PG,PG-NPP,,,1
PG,PG-NSB,,,1
PG,PG-SAN,,,1
PG,PG-SHM,,,1
PG,PG-WBK,,,1
PG,PG-WHM,,,1
PG,PG-WPD,,,1
PH,PH-00,,,1
PH,PH-01,,,1
PH,PH-02,,,1
PH,PH-03,,,1
PH,PH-05,,,1
PH,PH-06,,,1
PH,PH-07,,,1
PH,PH-08,,,1
PH,PH-09,,,1
PH,PH-10,,,1
PH,PH-11,,,1
PH,PH-12,,,1
PH,PH-13,,,1
PH,PH-14,,,1
PH,PH-15,,,1
PH,PH-40,,,1
PH,PH-41,,,1
PH,PH-ABR,,,1
PH,PH-AGN,,,1
PH,PH-AGS,,,1
PH,PH-AKL,,,1
PH,PH-ALB,,,1
PH,PH-ANT,,,1
PH,PH-APA,,,1
PH,PH-AUR,,,1
PH,PH-BAN,,,1
PH,PH-BAS,,,1
PH,PH-BEN,,,1
PH,PH-BIL,,,1
PH,PH-BOH,,,1
PH,PH-BTG,,,1
PH,PH-BTN,,,1
PH,PH-BUK,,,1
PH,PH-BUL,,,1
PH,PH-CAG,,,1
PH,PH-CAM,,,1
PH,PH-CAN,,,1
PH,PH-CAP,,,1
PH,PH-CAS,,,1
PH,PH-CAT,,,1
PH,PH-CAV,,,1
PH,PH-CEB,,,1
PH,PH-COM,,,1
PH,PH-DAO,,,1
PH,PH-DAS,,,1
PH,PH-DAV,,,1
PH,PH-DIN,,,1
PH,PH-DVO,,,1
PH,PH-EAS,,,1
PH,PH-GUI,,,1
PH,PH-IFU,,,1
PH,PH-ILI,,,1
PH,PH-ILN,,,1
PH,PH-ILS,,,1
PH,PH-ISA,,,1
PH,PH-KAL,,,1
PH,PH-LAG,,,1
PH,PH-LAN,,,1
PH,PH-LAS,,,1
PH,PH-LEY,,,1
PH,PH-LUN,,,1
PH,PH-MAD,,,1
PH,PH-MAS,,,1
PH,PH-MDC,,,1
PH,PH-MDR,,,1
PH,PH-MGN,,,1
PH,PH-MGS,,,1
PH,PH-MOU,,,1
PH,PH-MSC,,,1
PH,PH-MSR,,,1
PH,PH-NCO,,,1
PH,PH-NEC,,,1
PH,PH-NER,,,1
PH,PH-NSA,,,1
PH,PH-NUE,,,1
PH,PH-NUV,,,1
PH,PH-PAM,,,1
PH,PH-PAN,,,1
PH,PH-PLW,,,1
PH,PH-QUE,,,1
PH,PH-QUI,,,1
PH,PH-RIZ,,,1
PH,PH-ROM,,,1
PH,PH-SAR,,,1
PH,PH-SCO,,,1
PH,PH-SIG,,,1
PH,PH-SLE,,,1
PH,PH-SLU,,,1
PH,PH-SOR,,,1
PH,PH-SUK,,,1
PH,PH-SUN,,,1
PH,PH-SUR,,,1
PH,PH-TAR,,,1
PH,PH-TAW,,,1
PH,PH-WSA,,,1
PH,PH-ZAN,,,1
PH,PH-ZAS,,,1
PH,PH-ZMB,,,1
PH,PH-ZSI,,,1
PK,PK-BA,,,1
PK,PK-GB,,,1
PK,PK-IS,,,1
PK,PK-JK,,,1
PK,PK-KP,,,1
PK,PK-PB,,,1
PK,PK-SD,,,1
PL,PL-02,,,1
PL,PL-04,,,1
PL,PL-06,,,1
PL,PL-08,,,1
PL,PL-10,,,1
PL,PL-12,,,1
PL,PL-14,,,1
PL,PL-16,,,1
PL,PL-18,,,1
PL,PL-20,,,1
PL,PL-22,,,1
PL,PL-24,,,1
PL,PL-26,,,1
PL,PL-28,,,1
PL,PL-30,,,1
PL,PL-32,,,1
PS,PS-BTH,,,1
PS,PS-DEB,,,1
PS,PS-GZA,,,1
PS,PS-HBN,,,1
PS,PS-JEM,,,1
PS,PS-JEN,,,1
PS,PS-JRH,,,1
PS,PS-KYS,,,1
PS,PS-NBS,,,1
PS,PS-NGZ,,,1
PS,PS-QQA,,,1
PS,PS-RBH,,,1
PS,PS-RFH,,,1
PS,PS-SLT,,,1
PS,PS-TBS,,,1
PS,PS-TKM,,,1
PT,PT-01,,,1
PT,PT-02,,,1
PT,PT-03,,,1
PT,PT-04,,,1
PT,PT-05,,,1
PT,PT-06,,,1
PT,PT-07,,,1
PT,PT-08,,,1
PT,PT-09,,,1
PT,PT-10,,,1
PT,PT-11,,,1
PT,PT-12,,,1
PT,PT-13,,,1
PT,PT-14,,,1
PT,PT-15,,,1
PT,PT-16,,,1
PT,PT-17,,,1
PT,PT-18,,,1
PT,PT-20,,,1
PT,PT-30,,,1
PW,PW-002,,,1
PW,PW-004,,,1
PW,PW-010,,,1
PW,PW-050,,,1
PW,PW-100,,,1
PW,PW-150,,,1
PW,PW-212,,,1
PW,PW-214,,,1
PW,PW-218,,,1
PW,PW-222,,,1
PW,PW-224,,,1
PW,PW-226,,,1
PW,PW-227,,,1
PW,PW-228,,,1
PW,PW-350,,,1
PW,PW-370,,,1
PY,PY-1,,,1
PY,PY-10,,,1
PY,PY-11,,,1
PY,PY-12,,,1
PY,PY-13,,,1
PY,PY-14,,,1
PY,PY-15,,,1
PY,PY-16,,,1
PY,PY-19,,,1
PY,PY-2,,,1
PY,PY-3,,,1
PY,PY-4,,,1
PY,PY-5,,,1
PY,PY-6,,,1
PY,PY-7,,,1
PY,PY-8,,,1
PY,PY-9,,,1
PY,PY-ASU,,,1
QA,QA-DA,,,1
QA,QA-KH,,,1
QA,QA-MS,,,1
QA,QA-RA,,,1
QA,QA-SH,,,1
QA,QA-US,,,1
QA,QA-WA,,,1
QA,QA-ZA,,,1
RO,RO-AB,,,1
RO,RO-AG,,,1
RO,RO-AR,,,1
RO,RO-B,,,1
RO,RO-BC,,,1
RO,RO-BH,,,1
RO,RO-BN,,,1
RO,RO-BR,,,1
RO,RO-BT,,,1
RO,RO-BV,,,1
RO,RO-BZ,,,1
RO,RO-CJ,,,1
RO,RO-CL,,,1
RO,RO-CS,,,1
RO,RO-CT,,,1
RO,RO-CV,,,1
RO,RO-DB,,,1
RO,RO-DJ,,,1
RO,RO-GJ,,,1
RO,RO-GL,,,1
RO,RO-GR,,,1
RO,RO-HD,,,1
RO,RO-HR,,,1
RO,RO-IF,,,1
RO,RO-IL,,,1
RO,RO-IS,,,1
RO,RO-MH,,,1
RO,RO-MM,,,1
RO,RO-MS,,,1
RO,RO-NT,,,1
RO,RO-OT,,,1
RO,RO-PH,,,1
RO,RO-SB,,,1
RO,RO-SJ,,,1
RO,RO-SM,,,1
RO,RO-SV,,,1
RO,RO-TL,,,1
RO,RO-TM,,,1
RO,RO-TR,,,1
RO,RO-VL,,,1
RO,RO-VN,,,1
RO,RO-VS,,,1
RS,RS-00,,,1
RS,RS-01,,,1
RS,RS-02,,,1
RS,RS-03,,,1
RS,RS-04,,,1
RS,RS-05,,,1
RS,RS-06,,,1
RS,RS-07,,,1
RS,RS-08,,,1
RS,RS-09,,,1
RS,RS-10,,,1
RS,RS-11,,,1
RS,RS-12,,,1
RS,RS-13,,,1
RS,RS-14,,,1
RS,RS-15,,,1
RS,RS-16,,,1
RS,RS-17,,,1
RS,RS-18,,,1
RS,RS-19,,,1
RS,RS-20,,,1
RS,RS-21,,,1
RS,RS-22,,,1
RS,RS-23,,,1
RS,RS-24,,,1
RS,RS-25,,,1
RS,RS-26,,,1
RS,RS-27,,,1
RS,RS-28,,,1
RS,RS-29,,,1
RS,RS-KM,,,1
RS,RS-VO,,,1
RU,RU-AD,,,1
RU,RU-AL,,,1
RU,RU-AMU,,,1
RU,RU-ALT,,,1
RU,RU-ARK,,,1
RU,RU-AST,,,1
RU,RU-BA,,,1
RU,RU-BEL,,,1
RU,RU-BRY,,,1
RU,RU-BU,,,1
RU,RU-CE,,,1
RU,RU-CHE,,,1
RU,RU-CHU,,,1
RU,RU-CU,,,1
RU,RU-DA,,,1
RU,RU-IN,,,1
RU,RU-IRK,,,1
RU,RU-IVA,,,1
RU,RU-KAM,,,1
RU,RU-KB,,,1
RU,RU-KC,,,1
RU,RU-KDA,,,1
RU,RU-KEM,,,1
RU,RU-KGD,,,1
RU,RU-KGN,,,1
RU,RU-KHA,,,1
RU,RU-KHM,,,1
RU,RU-KIR,,,1
RU,RU-KK,,,1
RU,RU-KL,,,1
RU,RU-KLU,,,1
RU,RU-KO,,,1
RU,RU-KOS,,,1
RU,RU-KR,,,1
RU,RU-KRS,,,1
RU,RU-KYA,,,1
RU,RU-LEN,,,1
RU,RU-LIP,,,1
RU,RU-MAG,,,1
RU,RU-ME,,,1
RU,RU-MO,,,1
RU,RU-MOS,,,1
RU,RU-MOW,,,1
RU,RU-MUR,,,1
RU,RU-NEN,,,1
RU,RU-NGR,,,1
RU,RU-NIZ,,,1
RU,RU-NVS,,,1
RU,RU-OMS,,,1
RU,RU-ORE,,,1
RU,RU-ORL,,,1
RU,RU-PER,,,1
RU,RU-PNZ,,,1
RU,RU-PRI,,,1
RU,RU-PSK,,,1
RU,RU-ROS,,,1
RU,RU-RYA,,,1
RU,RU-SA,,,1
RU,RU-SAK,,,1
RU,RU-SAM,,,1
RU,RU-SAR,,,1
RU,RU-SE,,,1
RU,RU-SMO,,,1
RU,RU-SPE,,,1
RU,RU-STA,,,1
RU,RU-SVE,,,1
RU,RU-TA,,,1
RU,RU-TAM,,,1
RU,RU-TOM,,,1
RU,RU-TUL,,,1
RU,RU-TVE,,,1
RU,RU-TY,,,1
RU,RU-TYU,,,1
RU,RU-UD,,,1
RU,RU-ULY,,,1
RU,RU-VGG,,,1
RU,RU-VLA,,,1
RU,RU-VLG,,,1
RU,RU-VOR,,,1
RU,RU-YAN,,,1
RU,RU-YAR,,,1
RU,RU-YEV,,,1
RU,RU-ZAB,,,1
RW,RW-01,,,1
RW,RW-02,,,1
RW,RW-03,,,1
RW,RW-04,,,1
RW,RW-05,,,1
SA,SA-01,,,1
SA,SA-02,,,1
SA,SA-03,,,1
SA,SA-04,,,1
SA,SA-05,,,1
SA,SA-06,,,1
SA,SA-07,,,1
SA,SA-08,,,1
SA,SA-09,,,1
SA,SA-10,,,1
SA,SA-11,,,1
SA,SA-12,,,1
SA,SA-14,,,1
SB,SB-CE,,,1
SB,SB-CH,,,1
SB,SB-CT,,,1
SB,SB-GU,,,1
SB,SB-IS,,,1
SB,SB-MK,,,1
SB,SB-ML,,,1
SB,SB-RB,,,1
SB,SB-TE,,,1
SB,SB-WE,,,1
SC,SC-01,,,1
SC,SC-02,,,1
SC,SC-03,,,1
SC,SC-04,,,1
SC,SC-05,,,1
SC,SC-06,,,1
SC,SC-07,,,1
SC,SC-08,,,1
SC,SC-09,,,1
SC,SC-10,,,1
SC,SC-11,,,1
SC,SC-12,,,1
SC,SC-13,,,1
SC,SC-14,,,1
SC,SC-15,,,1
SC,SC-16,,,1
SC,SC-17,,,1
SC,SC-18,,,1
SC,SC-19,,,1
SC,SC-20,,,1
SC,SC-21,,,1
SC,SC-22,,,1
SC,SC-23,,,1
SC,SC-24,,,1
SC,SC-25,,,1
SC,SC-26,,,1
SC,SC-27,,,1
SD,SD-DC,,,1
SD,SD-DE,,,1
SD,SD-DN,,,1
SD,SD-DS,,,1
SD,SD-DW,,,1
SD,SD-GD,,,1
SD,SD-GK,,,1
SD,SD-GZ,,,1
SD,SD-KA,,,1
SD,SD-KH,,,1
SD,SD-KN,,,1
SD,SD-KS,,,1
SD,SD-NB,,,1
SD,SD-NO,,,1
SD,SD-NR,,,1
SD,SD-NW,,,1
SD,SD-RS,,,1
SD,SD-SI,,,1
SE,SE-AB,,,1
SE,SE-AC,,,1
SE,SE-BD,,,1
SE,SE-C,,,1
SE,SE-D,,,1
SE,SE-E,,,1
SE,SE-F,,,1
SE,SE-G,,,1
SE,SE-H,,,1
SE,SE-I,,,1
SE,SE-K,,,1
SE,SE-M,,,1
SE,SE-N,,,1
SE,SE-O,,,1
SE,SE-S,,,1
SE,SE-T,,,1
SE,SE-U,,,1
SE,SE-W,,,1
SE,SE-X,,,1
SE,SE-Y,,,1
SE,SE-Z,,,1
SG,SG-01,,,1
SG,SG-02,,,1
SG,SG-03,,,1
SG,SG-04,,,1
SG,SG-05,,,1
SH,SH-AC,,,1
SH,SH-HL,,,1
SH,SH-TA,,,1
SI,SI-001,,,1
SI,SI-002,,,1
SI,SI-003,,,1
SI,SI-004,,,1
SI,SI-005,,,1
SI,SI-006,,,1
SI,SI-007,,,1
SI,SI-008,,,1
SI,SI-009,,,1
SI,SI-010,,,1
SI,SI-011,,,1
SI,SI-012,,,1
SI,SI-013,,,1
SI,SI-014,,,1
SI,SI-015,,,1
SI,SI-016,,,1
SI,SI-017,,,1
SI,SI-018,,,1
SI,SI-019,,,1
SI,SI-020,,,1
SI,SI-021,,,1
SI,SI-022,,,1
SI,SI-023,,,1
SI,SI-024,,,1
SI,SI-025,,,1
SI,SI-026,,,1
SI,SI-027,,,1
SI,SI-028,,,1
SI,SI-029,,,1
SI,SI-030,,,1
SI,SI-031,,,1
SI,SI-032,,,1
SI,SI-033,,,1
SI,SI-034,,,1
SI,SI-035,,,1
SI,SI-036,,,1
SI,SI-037,,,1
SI,SI-038,,,1
SI,SI-039,,,1
SI,SI-040,,,1
SI,SI-041,,,1
SI,SI-042,,,1
SI,SI-043,,,1
SI,SI-044,,,1
SI,SI-045,,,1
SI,SI-046,,,1
SI,SI-047,,,1
SI,SI-048,,,1
SI,SI-049,,,1
SI,SI-050,,,1
SI,SI-051,,,1
SI,SI-052,,,1
SI,SI-053,,,1
SI,SI-054,,,1
SI,SI-055,,,1
SI,SI-056,,,1
SI,SI-057,,,1
SI,SI-058,,,1
SI,SI-059,,,1
SI,SI-060,,,1
SI,SI-061,,,1
SI,SI-062,,,1
SI,SI-063,,,1
SI,SI-064,,,1
SI,SI-065,,,1
SI,SI-066,,,1
SI,SI-067,,,1
SI,SI-068,,,1
SI,SI-069,,,1
SI,SI-070,,,1
SI,SI-071,,,1
SI,SI-072,,,1
SI,SI-073,,,1
SI,SI-074,,,1
SI,SI-075,,,1
SI,SI-076,,,1
SI,SI-077,,,1
SI,SI-078,,,1
SI,SI-079,,,1
SI,SI-080,,,1
SI,SI-081,,,1
SI,SI-082,,,1
SI,SI-083,,,1
SI,SI-084,,,1
SI,SI-085,,,1
SI,SI-086,,,1
SI,SI-087,,,1
SI,SI-088,,,1
SI,SI-089,,,1
SI,SI-090,,,1
SI,SI-091,,,1
SI,SI-092,,,1
SI,SI-093,,,1
SI,SI-094,,,1
SI,SI-095,,,1
SI,SI-096,,,1
SI,SI-097,,,1
SI,SI-098,,,1
SI,SI-099,,,1
SI,SI-100,,,1
SI,SI-101,,,1
SI,SI-102,,,1
SI,SI-103,,,1
SI,SI-104,,,1
SI,SI-105,,,1
SI,SI-106,,,1
SI,SI-107,,,1
SI,SI-108,,,1
SI,SI-109,,,1
SI,SI-110,,,1
SI,SI-111,,,1
SI,SI-112,,,1
SI,SI-113,,,1
SI,SI-114,,,1
SI,SI-115,,,1
SI,SI-116,,,1
SI,SI-117,,,1
SI,SI-118,,,1
SI,SI-119,,,1
SI,SI-120,,,1
SI,SI-121,,,1
SI,SI-122,,,1
SI,SI-123,,,1
SI,SI-124,,,1
SI,SI-125,,,1
SI,SI-126,,,1
SI,SI-127,,,1
SI,SI-128,,,1
SI,SI-129,,,1
SI,SI-130,,,1
SI,SI-131,,,1
SI,SI-132,,,1
SI,SI-133,,,1
SI,SI-134,,,1
SI,SI-135,,,1
SI,SI-136,,,1
SI,SI-137,,,1
SI,SI-138,,,1
SI,SI-139,,,1
SI,SI-140,,,1
SI,SI-141,,,1
SI,SI-142,,,1
SI,SI-143,,,1
SI,SI-144,,,1
SI,SI-146,,,1
SI,SI-147,,,1
SI,SI-148,,,1
SI,SI-149,,,1
SI,SI-150,,,1
SI,SI-151,,,1
SI,SI-152,,,1
SI,SI-153,,,1
SI,SI-154,,,1
SI,SI-155,,,1
SI,SI-156,,,1
SI,SI-157,,,1
SI,SI-158,,,1
SI,SI-159,,,1
SI,SI-160,,,1
SI,SI-161,,,1
SI,SI-162,,,1
SI,SI-163,,,1
SI,SI-164,,,1
SI,SI-165,,,1
SI,SI-166,,,1
SI,SI-167,,,1
SI,SI-168,,,1
SI,SI-169,,,1
SI,SI-170,,,1
SI,SI-171,,,1
SI,SI-172,,,1
SI,SI-173,,,1
SI,SI-174,,,1
SI,SI-175,,,1
SI,SI-176,,,1
SI,SI-177,,,1
SI,SI-178,,,1
SI,SI-179,,,1
SI,SI-180,,,1
SI,SI-181,,,1
SI,SI-182,,,1
SI,SI-183,,,1
SI,SI-184,,,1
SI,SI-185,,,1
SI,SI-186,,,1
SI,SI-187,,,1
SI,SI-188,,,1
SI,SI-189,,,1
SI,SI-190,,,1
SI,SI-191,,,1
SI,SI-192,,,1
SI,SI-193,,,1
SI,SI-194,,,1
SI,SI-195,,,1
SI,SI-196,,,1
SI,SI-197,,,1
SI,SI-198,,,1
SI,SI-199,,,1
SI,SI-200,,,1
SI,SI-201,,,1
SI,SI-202,,,1
SI,SI-203,,,1
SI,SI-204,,,1
SI,SI-205,,,1
SI,SI-206,,,1
SI,SI-207,,,1
SI,SI-208,,,1
SI,SI-209,,,1
SI,SI-210,,,1
SI,SI-211,,,1
SI,SI-212,,,1
SI,SI-213,,,1
SK,SK-BC,,,1
SK,SK-BL,,,1
SK,SK-KI,,,1
SK,SK-NI,,,1
SK,SK-PV,,,1
SK,SK-TA,,,1
SK,SK-TC,,,1
SK,SK-ZI,,,1
SL,SL-E,,,1
SL,SL-N,,,1
SL,SL-NW,,,1
SL,SL-S,,,1
SL,SL-W,,,1
SM,SM-01,,,1
SM,SM-02,,,1
SM,SM-03,,,1
SM,SM-04,,,1
SM,SM-05,,,1
SM,SM-06,,,1
SM,SM-07,,,1
SM,SM-08,,,1
SM,SM-09,,,1
SN,SN-DB,,,1
SN,SN-DK,,,1
SN,SN-FK,,,1
SN,SN-KA,,,1
SN,SN-KD,,,1
SN,SN-KE,,,1
SN,SN-KL,,,1
SN,SN-LG,,,1
SN,SN-MT,,,1
SN,SN-SE,,,1
SN,SN-SL,,,1
SN,SN-TC,,,1
SN,SN-TH,,,1
SN,SN-ZG,,,1
SO,SO-AW,,,1
SO,SO-BK,,,1
SO,SO-BN,,,1
SO,SO-BR,,,1
SO,SO-BY,,,1
SO,SO-GA,,,1
SO,SO-GE,,,1
SO,SO-HI,,,1
SO,SO-JD,,,1
SO,SO-JH,,,1
SO,SO-MU,,,1
SO,SO-NU,,,1
SO,SO-SA,,,1
SO,SO-SD,,,1
SO,SO-SH,,,1
SO,SO-SO,,,1
SO,SO-TO,,,1
SO,SO-WO,,,1
SR,SR-BR,,,1
SR,SR-CM,,,1
SR,SR-CR,,,1
SR,SR-MA,,,1
SR,SR-NI,,,1
SR,SR-PM,,,1
SR,SR-PR,,,1
SR,SR-SA,,,1
SR,SR-SI,,,1
SR,SR-WA,,,1
SS,SS-BN,,,1
SS,SS-BW,,,1
SS,SS-EC,,,1
SS,SS-EE,,,1
SS,SS-EW,,,1
SS,SS-JG,,,1
SS,SS-LK,,,1
SS,SS-NU,,,1
SS,SS-UY,,,1
SS,SS-WR,,,1
ST,ST-01,,,1
ST,ST-02,,,1
ST,ST-03,,,1
ST,ST-04,,,1
ST,ST-05,,,1
ST,ST-06,,,1
ST,ST-P,,,1
SV,SV-AH,,,1
SV,SV-CA,,,1
SV,SV-CH,,,1
SV,SV-CU,,,1
SV,SV-LI,,,1
SV,SV-MO,,,1
SV,SV-PA,,,1
SV,SV-SA,,,1
SV,SV-SM,,,1
SV,SV-SO,,,1
SV,SV-SS,,,1
SV,SV-SV,,,1
SV,SV-UN,,,1
SV,SV-US,,,1
SY,SY-DI,,,1
SY,SY-DR,,,1
SY,SY-DY,,,1
SY,SY-HA,,,1
SY,SY-HI,,,1
SY,SY-HL,,,1
SY,SY-HM,,,1
SY,SY-ID,,,1
SY,SY-LA,,,1
SY,SY-QU,,,1
SY,SY-RA,,,1
SY,SY-RD,,,1
SY,SY-SU,,,1
SY,SY-TA,,,1
SZ,SZ-HH,,,1
SZ,SZ-LU,,,1
SZ,SZ-MA,,,1
SZ,SZ-SH,,,1
TD,TD-BA,,,1
TD,TD-BG,,,1
TD,TD-BO,,,1
TD,TD-CB,,,1
TD,TD-EE,,,1
TD,TD-EO,,,1
TD,TD-GR,,,1
TD,TD-HL,,,1
TD,TD-KA,,,1
TD,TD-LC,,,1
TD,TD-LO,,,1
TD,TD-LR,,,1
TD,TD-MA,,,1
TD,TD-MC,,,1
TD,TD-ME,,,1
TD,TD-MO,,,1
TD,TD-ND,,,1
TD,TD-OD,,,1
TD,TD-SA,,,1
TD,TD-SI,,,1
TD,TD-TA,,,1
TD,TD-TI,,,1
TD,TD-WF,,,1
TG,TG-C,,,1
TG,TG-K,,,1
TG,TG-M,,,1
TG,TG-P,,,1
TG,TG-S,,,1
TH,TH-10,,,1
TH,TH-11,,,1
TH,TH-12,,,1
TH,TH-13,,,1
TH,TH-14,,,1
TH,TH-15,,,1
TH,TH-16,,,1
TH,TH-17,,,1
TH,TH-18,,,1
TH,TH-19,,,1
TH,TH-20,,,1
TH,TH-21,,,1
TH,TH-22,,,1
TH,TH-23,,,1
TH,TH-24,,,1
TH,TH-25,,,1
TH,TH-26,,,1
TH,TH-27,,,1
TH,TH-30,,,1
TH,TH-31,,,1
TH,TH-32,,,1
TH,TH-33,,,1
TH,TH-34,,,1
TH,TH-35,,,1
TH,TH-36,,,1
TH,TH-37,,,1
TH,TH-38,,,1
TH,TH-39,,,1
TH,TH-40,,,1
TH,TH-41,,,1
TH,TH-42,,,1
TH,TH-43,,,1
TH,TH-44,,,1
TH,TH-45,,,1
TH,TH-46,,,1
TH,TH-47,,,1
TH,TH-48,,,1
TH,TH-49,,,1
TH,TH-50,,,1
TH,TH-51,,,1
TH,TH-52,,,1
TH,TH-53,,,1
TH,TH-54,,,1
TH,TH-55,,,1
TH,TH-56,,,1
TH,TH-57,,,1
TH,TH-58,,,1
TH,TH-60,,,1
TH,TH-61,,,1
TH,TH-62,,,1
TH,TH-63,,,1
TH,TH-64,,,1
TH,TH-65,,,1
TH,TH-66,,,1
TH,TH-67,,,1
TH,TH-70,,,1
TH,TH-71,,,1
TH,TH-72,,,1
TH,TH-73,,,1
TH,TH-74,,,1
TH,TH-75,,,1
TH,TH-76,,,1
TH,TH-77,,,1
TH,TH-80,,,1
TH,TH-81,,,1
TH,TH-82,,,1
TH,TH-83,,,1
TH,TH-84,,,1
TH,TH-85,,,1
TH,TH-86,,,1
TH,TH-90,,,1
TH,TH-91,,,1
TH,TH-92,,,1
TH,TH-93,,,1
TH,TH-94,,,1
TH,TH-95,,,1
TH,TH-96,,,1
TH,TH-S,,,1
TJ,TJ-DU,,,1
TJ,TJ-GB,,,1
TJ,TJ-KT,,,1
TJ,TJ-RA,,,1
TJ,TJ-SU,,,1
TL,TL-AL,,,1
TL,TL-AN,,,1
TL,TL-BA,,,1
TL,TL-BO,,,1
TL,TL-CO,,,1
TL,TL-DI,,,1
TL,TL-ER,,,1
TL,TL-LA,,,1
TL,TL-LI,,,1
TL,TL-MF,,,1
TL,TL-MT,,,1
TL,TL-OE,,,1
TL,TL-VI,,,1
TM,TM-A,,,1
TM,TM-B,,,1
TM,TM-D,,,1
TM,TM-L,,,1
TM,TM-M,,,1
TM,TM-S,,,1
TN,TN-11,,,1
TN,TN-12,,,1
TN,TN-13,,,1
TN,TN-14,,,1
TN,TN-21,,,1
TN,TN-22,,,1
TN,TN-23,,,1
TN,TN-31,,,1
TN,TN-32,,,1
TN,TN-33,,,1
TN,TN-34,,,1
TN,TN-41,,,1
TN,TN-42,,,1
TN,TN-43,,,1
TN,TN-51,,,1
TN,TN-52,,,1
TN,TN-53,,,1
TN,TN-61,,,1
TN,TN-71,,,1
TN,TN-72,,,1
TN,TN-73,,,1
TN,TN-81,,,1
TN,TN-82,,,1
TN,TN-83,,,1
TO,TO-01,,,1
TO,TO-02,,,1
TO,TO-03,,,1
TO,TO-04,,,1
TO,TO-05,,,1
TR,TR-01,,,1
TR,TR-02,,,1
TR,TR-03,,,1
TR,TR-04,,,1
TR,TR-05,,,1
TR,TR-06,,,1
TR,TR-07,,,1
TR,TR-08,,,1
TR,TR-09,,,1
TR,TR-10,,,1
TR,TR-11,,,1
TR,TR-12,,,1
TR,TR-13,,,1
TR,TR-14,,,1
TR,TR-15,,,1
TR,TR-16,,,1
TR,TR-17,,,1
TR,TR-18,,,1
TR,TR-19,,,1
TR,TR-20,,,1
TR,TR-21,,,1
TR,TR-22,,,1
TR,TR-23,,,1
TR,TR-24,,,1
TR,TR-25,,,1
TR,TR-26,,,1
TR,TR-27,,,1
TR,TR-28,,,1
TR,TR-29,,,1
TR,TR-30,,,1
TR,TR-31,,,1
TR,TR-32,,,1
TR,TR-33,,,1
TR,TR-34,,,1
TR,TR-35,,,1
TR,TR-36,,,1
TR,TR-37,,,1
TR,TR-38,,,1
TR,TR-39,,,1
TR,TR-40,,,1
TR,TR-41,,,1
TR,TR-42,,,1
TR,TR-43,,,1
TR,TR-44,,,1
TR,TR-45,,,1
TR,TR-46,,,1
TR,TR-47,,,1
TR,TR-48,,,1
TR,TR-49,,,1
TR,TR-50,,,1
TR,TR-51,,,1
TR,TR-52,,,1
TR,TR-53,,,1
TR,TR-54,,,1
TR,TR-55,,,1
TR,TR-56,,,1
TR,TR-57,,,1
TR,TR-58,,,1
TR,TR-59,,,1
TR,TR-60,,,1
TR,TR-61,,,1
TR,TR-62,,,1
TR,TR-63,,,1
TR,TR-64,,,1
TR,TR-65,,,1
TR,TR-66,,,1
TR,TR-67,,,1
TR,TR-68,,,1
TR,TR-69,,,1
TR,TR-70,,,1
TR,TR-71,,,1
TR,TR-72,,,1
TR,TR-73,,,1
TR,TR-74,,,1
TR,TR-75,,,1
TR,TR-76,,,1
TR,TR-77,,,1
TR,TR-78,,,1
TR,TR-79,,,1
TR,TR-80,,,1
TR,TR-81,,,1
TT,TT-ARI,,,1
TT,TT-CHA,,,1
TT,TT-CTT,,,1
TT,TT-DMN,,,1
TT,TT-MRC,,,1
TT,TT-PED,,,1
TT,TT-POS,,,1
TT,TT-PRT,,,1
TT,TT-PTF,,,1
TT,TT-SFO,,,1
TT,TT-SGE,,,1
TT,TT-SIP,,,1
TT,TT-SJL,,,1
TT,TT-TOB,,,1
TT,TT-TUP,,,1
TV,TV-FUN,,,1
TV,TV-NIT,,,1
TV,TV-NKF,,,1
TV,TV-NKL,,,1
TV,TV-NMA,,,1
TV,TV-NMG,,,1
TV,TV-NUI,,,1
TV,TV-VAI,,,1
TW,TW-CHA,,,1
TW,TW-CYI,,,1
TW,TW-CYQ,,,1
TW,TW-HSQ,,,1
TW,TW-HSZ,,,1
TW,TW-HUA,,,1
TW,TW-ILA,,,1
TW,TW-KEE,,,1
TW,TW-KHH,,,1
TW,TW-KIN,,,1
TW,TW-LIE,,,1
TW,TW-MIA,,,1
TW,TW-NAN,,,1
TW,TW-NWT,,,1
TW,TW-PEN,,,1
TW,TW-PIF,,,1
TW,TW-TAO,,,1
TW,TW-TNN,,,1
TW,TW-TPE,,,1
TW,TW-TTT,,,1
TW,TW-TXG,,,1
TW,TW-YUN,,,1
TZ,TZ-01,,,1
TZ,TZ-02,,,1
TZ,TZ-03,,,1
TZ,TZ-04,,,1
TZ,TZ-05,,,1
TZ,TZ-06,,,1
TZ,TZ-07,,,1
TZ,TZ-08,,,1
TZ,TZ-09,,,1
TZ,TZ-10,,,1
TZ,TZ-11,,,1
TZ,TZ-12,,,1
TZ,TZ-13,,,1
TZ,TZ-14,,,1
TZ,TZ-15,,,1
TZ,TZ-16,,,1
TZ,TZ-17,,,1
TZ,TZ-18,,,1
TZ,TZ-19,,,1
TZ,TZ-20,,,1
TZ,TZ-21,,,1
TZ,TZ-22,,,1
TZ,TZ-23,,,1
TZ,TZ-24,,,1
TZ,TZ-25,,,1
TZ,TZ-26,,,1
TZ,TZ-27,,,1
TZ,TZ-28,,,1
TZ,TZ-29,,,1
TZ,TZ-30,,,1
TZ,TZ-31,,,1
UA,UA-05,,,1
UA,UA-07,,,1
UA,UA-09,,,1
UA,UA-12,,,1
UA,UA-14,,,1
UA,UA-18,,,1
UA,UA-21,,,1
UA,UA-23,,,1
UA,UA-26,,,1
UA,UA-30,,,1
UA,UA-32,,,1
UA,UA-35,,,1
UA,UA-40,,,1
UA,UA-43,,,1
UA,UA-46,,,1
UA,UA-48,,,1
UA,UA-51,,,1
UA,UA-53,,,1
UA,UA-56,,,1
UA,UA-59,,,1
UA,UA-61,,,1
UA,UA-63,,,1
UA,UA-65,,,1
UA,UA-68,,,1
UA,UA-71,,,1
UA,UA-74,,,1
UA,UA-77,,,1
UG,UG-101,,,1
UG,UG-102,,,1
UG,UG-103,,,1
UG,UG-104,,,1
UG,UG-105,,,1
UG,UG-106,,,1
UG,UG-107,,,1
UG,UG-108,,,1
UG,UG-109,,,1
UG,UG-110,,,1
UG,UG-111,,,1
UG,UG-112,,,1
UG,UG-113,,,1
UG,UG-114,,,1
UG,UG-115,,,1
UG,UG-116,,,1
UG,UG-117,,,1
UG,UG-118,,,1
UG,UG-119,,,1
UG,UG-120,,,1
UG,UG-121,,,1
UG,UG-122,,,1
UG,UG-123,,,1
UG,UG-124,,,1
UG,UG-125,,,1
UG,UG-126,,,1
UG,UG-201,,,1
UG,UG-202,,,1
UG,UG-203,,,1
UG,UG-204,,,1
UG,UG-205,,,1
UG,UG-206,,,1
UG,UG-207,,,1
UG,UG-208,,,1
UG,UG-209,,,1
UG,UG-210,,,1
UG,UG-211,,,1
UG,UG-212,,,1
UG,UG-213,,,1
UG,UG-214,,,1
UG,UG-215,,,1
UG,UG-216,,,1
UG,UG-217,,,1
UG,UG-218,,,1
UG,UG-219,,,1
UG,UG-220,,,1
UG,UG-221,,,1
UG,UG-222,,,1
UG,UG-223,,,1
UG,UG-224,,,1
UG,UG-225,,,1
UG,UG-226,,,1
UG,UG-227,,,1
UG,UG-228,,,1
UG,UG-229,,,1
UG,UG-230,,,1
UG,UG-231,,,1
UG,UG-232,,,1
UG,UG-233,,,1
UG,UG-234,,,1
UG,UG-235,,,1
UG,UG-236,,,1
UG,UG-237,,,1
UG,UG-301,,,1
UG,UG-302,,,1
UG,UG-303,,,1
UG,UG-304,,,1
UG,UG-305,,,1
UG,UG-306,,,1
UG,UG-307,,,1
UG,UG-308,,,1
UG,UG-309,,,1
UG,UG-310,,,1
UG,UG-311,,,1
UG,UG-312,,,1
UG,UG-313,,,1
UG,UG-314,,,1
UG,UG-315,,,1
UG,UG-316,,,1
UG,UG-317,,,1
UG,UG-318,,,1
UG,UG-319,,,1
UG,UG-320,,,1
UG,UG-321,,,1
UG,UG-322,,,1
UG,UG-323,,,1
UG,UG-324,,,1
UG,UG-325,,,1
UG,UG-326,,,1
UG,UG-327,,,1
UG,UG-328,,,1
UG,UG-329,,,1
UG,UG-330,,,1
UG,UG-331,,,1
UG,UG-332,,,1
UG,UG-333,,,1
UG,UG-334,,,1
UG,UG-335,,,1
UG,UG-336,,,1
UG,UG-337,,,1
UG,UG-401,,,1
UG,UG-402,,,1
UG,UG-403,,,1
UG,UG-404,,,1
UG,UG-405,,,1
UG,UG-406,,,1
UG,UG-407,,,1
UG,UG-408,,,1
UG,UG-409,,,1
UG,UG-410,,,1
UG,UG-411,,,1
UG,UG-412,,,1
UG,UG-413,,,1
UG,UG-414,,,1
UG,UG-415,,,1
UG,UG-416,,,1
UG,UG-417,,,1
UG,UG-418,,,1
UG,UG-419,,,1
UG,UG-420,,,1
UG,UG-421,,,1
UG,UG-422,,,1
UG,UG-423,,,1
UG,UG-424,,,1
UG,UG-425,,,1
UG,UG-426,,,1
UG,UG-427,,,1
UG,UG-428,,,1
UG,UG-429,,,1
UG,UG-430,,,1
UG,UG-431,,,1
UG,UG-432,,,1
UG,UG-433,,,1
UG,UG-434,,,1
UG,UG-435,,,1
UG,UG-C,,,1
UG,UG-E,,,1
UG,UG-N,,,1
UG,UG-W,,,1
UM,UM-67,,,1
UM,UM-71,,,1
UM,UM-76,,,1
UM,UM-79,,,1
UM,UM-81,,,1
UM,UM-84,,,1
UM,UM-86,,,1
UM,UM-89,,,1
UM,UM-95,,,1
US,US-AK,,,1
US,US-AL,,,1
US,US-AR,,,1
US,US-AS,,,1
US,US-AZ,,,1
US,US-CA,,,1
US,US-CO,,,1
US,US-CT,,,1
US,US-DC,,,1
US,US-DE,,,1
US,US-FL,,,1
US,US-GA,,,1
US,US-GU,,,1
US,US-HI,,,1
US,US-IA,,,1
US,US-ID,,,1
US,US-IL,,,1
US,US-IN,,,1
US,US-KS,,,1
US,US-KY,,,1
US,US-LA,,,1
US,US-MA,,,1
US,US-MD,,,1
US,US-ME,,,1
US,US-MI,,,1
US,US-MN,,,1
US,US-MO,,,1
US,US-MP,,,1
US,US-MS,,,1
US,US-MT,,,1
US,US-NC,,,1
US,US-ND,,,1
US,US-NE,,,1
US,US-NH,,,1
US,US-NJ,,,1
US,US-NM,,,1
US,US-NV,,,1
US,US-NY,,,1
US,US-OH,,,1
US,US-OK,,,1
US,US-OR,,,1
US,US-PA,,,1
US,US-PR,,,1
US,US-RI,,,1
US,US-SC,,,1
US,US-SD,,,1
US,US-TN,,,1
US,US-TX,,,1
US,US-UM,,,1
US,US-UT,,,1
US,US-VA,,,1
US,US-VI,,,1
US,US-VT,,,1
US,US-WA,,,1
US,US-WI,,,1
US,US-WV,,,1
US,US-WY,,,1
UY,UY-AR,,,1
UY,UY-CA,,,1
UY,UY-CL,,,1
UY,UY-CO,,,1
UY,UY-DU,,,1
UY,UY-FD,,,1
UY,UY-FS,,,1
UY,UY-LA,,,1
UY,UY-MA,,,1
UY,UY-MO,,,1
UY,UY-PA,,,1
UY,UY-RN,,,1
UY,UY-RO,,,1
UY,UY-RV,,,1
UY,UY-SA,,,1
UY,UY-SJ,,,1
UY,UY-SO,,,1
UY,UY-TA,,,1
UY,UY-TT,,,1
UZ,UZ-AN,,,1
UZ,UZ-BU,,,1
UZ,UZ-FA,,,1
UZ,UZ-JI,,,1
UZ,UZ-NG,,,1
UZ,UZ-NW,,,1
UZ,UZ-QA,,,1
UZ,UZ-QR,,,1
UZ,UZ-SA,,,1
UZ,UZ-SI,,,1
UZ,UZ-SU,,,1
UZ,UZ-TK,,,1
UZ,UZ-TO,,,1
UZ,UZ-XO,,,1
VC,VC-01,,,1
VC,VC-02,,,1
VC,VC-03,,,1
VC,VC-04,,,1
VC,VC-05,,,1
VC,VC-06,,,1
VE,VE-A,,,1
VE,VE-B,,,1
VE,VE-C,,,1
VE,VE-D,,,1
VE,VE-E,,,1
VE,VE-F,,,1
VE,VE-G,,,1
VE,VE-H,,,1
VE,VE-I,,,1
VE,VE-J,,,1
VE,VE-K,,,1
VE,VE-L,,,1
VE,VE-M,,,1
VE,VE-N,,,1
VE,VE-O,,,1
VE,VE-P,,,1
VE,VE-R,,,1
VE,VE-S,,,1
VE,VE-T,,,1
VE,VE-U,,,1
VE,VE-V,,,1
VE,VE-W,,,1
VE,VE-X,,,1
VE,VE-Y,,,1
VE,VE-Z,,,1
VN,VN-01,,,1
VN,VN-02,,,1
VN,VN-03,,,1
VN,VN-04,,,1
VN,VN-05,,,1
VN,VN-06,,,1
VN,VN-07,,,1
VN,VN-09,,,1
VN,VN-13,,,1
VN,VN-14,,,1
VN,VN-18,,,1
VN,VN-20,,,1
VN,VN-21,,,1
VN,VN-22,,,1
VN,VN-23,,,1
VN,VN-24,,,1
VN,VN-25,,,1
VN,VN-26,,,1
VN,VN-27,,,1
VN,VN-28,,,1
VN,VN-29,,,1
VN,VN-30,,,1
VN,VN-31,,,1
VN,VN-32,,,1
VN,VN-33,,,1
VN,VN-34,,,1
VN,VN-35,,,1
VN,VN-36,,,1
VN,VN-37,,,1
VN,VN-39,,,1
VN,VN-40,,,1
VN,VN-41,,,1
VN,VN-43,,,1
VN,VN-44,,,1
VN,VN-45,,,1
VN,VN-46,,,1
VN,VN-47,,,1
VN,VN-49,,,1
VN,VN-50,,,1
VN,VN-51,,,1
VN,VN-52,,,1
VN,VN-53,,,1
VN,VN-54,,,1
VN,VN-55,,,1
VN,VN-56,,,1
VN,VN-57,,,1
VN,VN-58,,,1
VN,VN-59,,,1
VN,VN-61,,,1
VN,VN-63,,,1
VN,VN-66,,,1
VN,VN-67,,,1
VN,VN-68,,,1
VN,VN-69,,,1
VN,VN-70,,,1
VN,VN-71,,,1
VN,VN-72,,,1
VN,VN-73,,,1
VN,VN-CT,,,1
VN,VN-DN,,,1
VN,VN-HN,,,1
VN,VN-HP,,,1
VN,VN-SG,,,1
VU,VU-MAP,,,1
VU,VU-PAM,,,1
VU,VU-SAM,,,1
VU,VU-SEE,,,1
VU,VU-TAE,,,1
VU,VU-TOB,,,1
WF,WF-AL,,,1
WF,WF-SG,,,1
WF,WF-UV,,,1
WS,WS-AA,,,1
WS,WS-AL,,,1
WS,WS-AT,,,1
WS,WS-FA,,,1
WS,WS-GE,,,1
WS,WS-GI,,,1
WS,WS-PA,,,1
WS,WS-SA,,,1
WS,WS-TU,,,1
WS,WS-VF,,,1
WS,WS-VS,,,1
YE,YE-AB,,,1
YE,YE-AD,,,1
YE,YE-AM,,,1
YE,YE-BA,,,1
YE,YE-DA,,,1
YE,YE-DH,,,1
YE,YE-HD,,,1
YE,YE-HJ,,,1
YE,YE-HU,,,1
YE,YE-IB,,,1
YE,YE-JA,,,1
YE,YE-LA,,,1
YE,YE-MA,,,1
YE,YE-MR,,,1
YE,YE-MW,,,1
YE,YE-RA,,,1
YE,YE-SA,,,1
YE,YE-SD,,,1
YE,YE-SH,,,1
YE,YE-SN,,,1
YE,YE-SU,,,1
YE,YE-TA,,,1
ZA,ZA-EC,,,1
ZA,ZA-FS,,,1
ZA,ZA-GP,,,1
ZA,ZA-KZN,,,1
ZA,ZA-LP,,,1
ZA,ZA-MP,,,1
ZA,ZA-NC,,,1
ZA,ZA-NW,,,1
ZA,ZA-WC,,,1
ZM,ZM-01,,,1
ZM,ZM-02,,,1
ZM,ZM-03,,,1
ZM,ZM-04,,,1
ZM,ZM-05,,,1
ZM,ZM-06,,,1
ZM,ZM-07,,,1
ZM,ZM-08,,,1
ZM,ZM-09,,,1
ZM,ZM-10,,,1
ZW,ZW-BU,,,1
ZW,ZW-HA,,,1
ZW,ZW-MA,,,1
ZW,ZW-MC,,,1
ZW,ZW-ME,,,1
ZW,ZW-MI,,,1
ZW,ZW-MN,,,1
ZW,ZW-MS,,,1
ZW,ZW-MV,,,1
ZW,ZW-MW,,,1